--
-- PostgreSQL database dump
--

-- Dumped from database version 17rc1
-- Dumped by pg_dump version 17rc1

-- Started on 2024-12-14 18:35:02

SET statement_timeout = 0;
SET lock_timeout = 0;
SET idle_in_transaction_session_timeout = 0;
SET transaction_timeout = 0;
SET client_encoding = 'UTF8';
SET standard_conforming_strings = on;
SELECT pg_catalog.set_config('search_path', '', false);
SET check_function_bodies = false;
SET xmloption = content;
SET client_min_messages = warning;
SET row_security = off;

SET default_tablespace = '';

SET default_table_access_method = heap;

--
-- TOC entry 228 (class 1259 OID 42504)
-- Name: affiliations_affiliation; Type: TABLE; Schema: public; Owner: postgres
--

CREATE TABLE public.affiliations_affiliation (
    id bigint NOT NULL,
    name character varying(200) NOT NULL,
    description text NOT NULL,
    company_id bigint NOT NULL
);


ALTER TABLE public.affiliations_affiliation OWNER TO postgres;

--
-- TOC entry 227 (class 1259 OID 42503)
-- Name: affiliations_affiliation_id_seq; Type: SEQUENCE; Schema: public; Owner: postgres
--

ALTER TABLE public.affiliations_affiliation ALTER COLUMN id ADD GENERATED BY DEFAULT AS IDENTITY (
    SEQUENCE NAME public.affiliations_affiliation_id_seq
    START WITH 1
    INCREMENT BY 1
    NO MINVALUE
    NO MAXVALUE
    CACHE 1
);


--
-- TOC entry 232 (class 1259 OID 42525)
-- Name: auth_group; Type: TABLE; Schema: public; Owner: postgres
--

CREATE TABLE public.auth_group (
    id integer NOT NULL,
    name character varying(150) NOT NULL
);


ALTER TABLE public.auth_group OWNER TO postgres;

--
-- TOC entry 231 (class 1259 OID 42524)
-- Name: auth_group_id_seq; Type: SEQUENCE; Schema: public; Owner: postgres
--

ALTER TABLE public.auth_group ALTER COLUMN id ADD GENERATED BY DEFAULT AS IDENTITY (
    SEQUENCE NAME public.auth_group_id_seq
    START WITH 1
    INCREMENT BY 1
    NO MINVALUE
    NO MAXVALUE
    CACHE 1
);


--
-- TOC entry 234 (class 1259 OID 42533)
-- Name: auth_group_permissions; Type: TABLE; Schema: public; Owner: postgres
--

CREATE TABLE public.auth_group_permissions (
    id bigint NOT NULL,
    group_id integer NOT NULL,
    permission_id integer NOT NULL
);


ALTER TABLE public.auth_group_permissions OWNER TO postgres;

--
-- TOC entry 233 (class 1259 OID 42532)
-- Name: auth_group_permissions_id_seq; Type: SEQUENCE; Schema: public; Owner: postgres
--

ALTER TABLE public.auth_group_permissions ALTER COLUMN id ADD GENERATED BY DEFAULT AS IDENTITY (
    SEQUENCE NAME public.auth_group_permissions_id_seq
    START WITH 1
    INCREMENT BY 1
    NO MINVALUE
    NO MAXVALUE
    CACHE 1
);


--
-- TOC entry 230 (class 1259 OID 42519)
-- Name: auth_permission; Type: TABLE; Schema: public; Owner: postgres
--

CREATE TABLE public.auth_permission (
    id integer NOT NULL,
    name character varying(255) NOT NULL,
    content_type_id integer NOT NULL,
    codename character varying(100) NOT NULL
);


ALTER TABLE public.auth_permission OWNER TO postgres;

--
-- TOC entry 229 (class 1259 OID 42518)
-- Name: auth_permission_id_seq; Type: SEQUENCE; Schema: public; Owner: postgres
--

ALTER TABLE public.auth_permission ALTER COLUMN id ADD GENERATED BY DEFAULT AS IDENTITY (
    SEQUENCE NAME public.auth_permission_id_seq
    START WITH 1
    INCREMENT BY 1
    NO MINVALUE
    NO MAXVALUE
    CACHE 1
);


--
-- TOC entry 235 (class 1259 OID 42564)
-- Name: authtoken_token; Type: TABLE; Schema: public; Owner: postgres
--

CREATE TABLE public.authtoken_token (
    key character varying(40) NOT NULL,
    created timestamp with time zone NOT NULL,
    user_id bigint NOT NULL
);


ALTER TABLE public.authtoken_token OWNER TO postgres;

--
-- TOC entry 237 (class 1259 OID 42590)
-- Name: brokers_broker; Type: TABLE; Schema: public; Owner: postgres
--

CREATE TABLE public.brokers_broker (
    id bigint NOT NULL,
    email character varying(50) NOT NULL,
    username character varying(100) NOT NULL,
    contact_number character varying(20),
    company_id bigint,
    password character varying(128) NOT NULL,
    last_login timestamp with time zone,
    first_name character varying(50) NOT NULL,
    last_name character varying(50) NOT NULL,
    archived boolean NOT NULL
);


ALTER TABLE public.brokers_broker OWNER TO postgres;

--
-- TOC entry 236 (class 1259 OID 42589)
-- Name: brokers_broker_id_seq; Type: SEQUENCE; Schema: public; Owner: postgres
--

ALTER TABLE public.brokers_broker ALTER COLUMN id ADD GENERATED BY DEFAULT AS IDENTITY (
    SEQUENCE NAME public.brokers_broker_id_seq
    START WITH 1
    INCREMENT BY 1
    NO MINVALUE
    NO MAXVALUE
    CACHE 1
);


--
-- TOC entry 220 (class 1259 OID 42453)
-- Name: companies_company; Type: TABLE; Schema: public; Owner: postgres
--

CREATE TABLE public.companies_company (
    id bigint NOT NULL,
    name character varying(100) NOT NULL,
    description text NOT NULL,
    logo character varying(100) NOT NULL,
    is_active boolean NOT NULL,
    created_at timestamp with time zone NOT NULL,
    updated_at timestamp with time zone NOT NULL
);


ALTER TABLE public.companies_company OWNER TO postgres;

--
-- TOC entry 219 (class 1259 OID 42452)
-- Name: companies_company_id_seq; Type: SEQUENCE; Schema: public; Owner: postgres
--

ALTER TABLE public.companies_company ALTER COLUMN id ADD GENERATED BY DEFAULT AS IDENTITY (
    SEQUENCE NAME public.companies_company_id_seq
    START WITH 1
    INCREMENT BY 1
    NO MINVALUE
    NO MAXVALUE
    CACHE 1
);


--
-- TOC entry 243 (class 1259 OID 42769)
-- Name: customers_customer; Type: TABLE; Schema: public; Owner: postgres
--

CREATE TABLE public.customers_customer (
    id bigint NOT NULL,
    email character varying(50) NOT NULL,
    contact_number character varying(20) NOT NULL,
    broker_id bigint NOT NULL,
    first_name character varying(200),
    last_name character varying(200),
    company_id bigint NOT NULL,
    customer_code character varying(10) NOT NULL,
    archived boolean NOT NULL
);


ALTER TABLE public.customers_customer OWNER TO postgres;

--
-- TOC entry 242 (class 1259 OID 42768)
-- Name: customers_customer_id_seq; Type: SEQUENCE; Schema: public; Owner: postgres
--

ALTER TABLE public.customers_customer ALTER COLUMN id ADD GENERATED BY DEFAULT AS IDENTITY (
    SEQUENCE NAME public.customers_customer_id_seq
    START WITH 1
    INCREMENT BY 1
    NO MINVALUE
    NO MAXVALUE
    CACHE 1
);


--
-- TOC entry 222 (class 1259 OID 42461)
-- Name: developers_developer; Type: TABLE; Schema: public; Owner: postgres
--

CREATE TABLE public.developers_developer (
    id bigint NOT NULL,
    email character varying(50) NOT NULL,
    username character varying(50) NOT NULL,
    company_id bigint,
    password character varying(128) NOT NULL,
    last_login timestamp with time zone,
    first_name character varying(50) NOT NULL,
    last_name character varying(50) NOT NULL,
    contact_number character varying(20),
    is_active boolean NOT NULL,
    is_staff boolean NOT NULL,
    is_superuser boolean NOT NULL
);


ALTER TABLE public.developers_developer OWNER TO postgres;

--
-- TOC entry 245 (class 1259 OID 42844)
-- Name: developers_developer_groups; Type: TABLE; Schema: public; Owner: postgres
--

CREATE TABLE public.developers_developer_groups (
    id bigint NOT NULL,
    developer_id bigint NOT NULL,
    group_id integer NOT NULL
);


ALTER TABLE public.developers_developer_groups OWNER TO postgres;

--
-- TOC entry 244 (class 1259 OID 42843)
-- Name: developers_developer_groups_id_seq; Type: SEQUENCE; Schema: public; Owner: postgres
--

ALTER TABLE public.developers_developer_groups ALTER COLUMN id ADD GENERATED BY DEFAULT AS IDENTITY (
    SEQUENCE NAME public.developers_developer_groups_id_seq
    START WITH 1
    INCREMENT BY 1
    NO MINVALUE
    NO MAXVALUE
    CACHE 1
);


--
-- TOC entry 221 (class 1259 OID 42460)
-- Name: developers_developer_id_seq; Type: SEQUENCE; Schema: public; Owner: postgres
--

ALTER TABLE public.developers_developer ALTER COLUMN id ADD GENERATED BY DEFAULT AS IDENTITY (
    SEQUENCE NAME public.developers_developer_id_seq
    START WITH 1
    INCREMENT BY 1
    NO MINVALUE
    NO MAXVALUE
    CACHE 1
);


--
-- TOC entry 247 (class 1259 OID 42850)
-- Name: developers_developer_user_permissions; Type: TABLE; Schema: public; Owner: postgres
--

CREATE TABLE public.developers_developer_user_permissions (
    id bigint NOT NULL,
    developer_id bigint NOT NULL,
    permission_id integer NOT NULL
);


ALTER TABLE public.developers_developer_user_permissions OWNER TO postgres;

--
-- TOC entry 246 (class 1259 OID 42849)
-- Name: developers_developer_user_permissions_id_seq; Type: SEQUENCE; Schema: public; Owner: postgres
--

ALTER TABLE public.developers_developer_user_permissions ALTER COLUMN id ADD GENERATED BY DEFAULT AS IDENTITY (
    SEQUENCE NAME public.developers_developer_user_permissions_id_seq
    START WITH 1
    INCREMENT BY 1
    NO MINVALUE
    NO MAXVALUE
    CACHE 1
);


--
-- TOC entry 226 (class 1259 OID 42483)
-- Name: django_admin_log; Type: TABLE; Schema: public; Owner: postgres
--

CREATE TABLE public.django_admin_log (
    id integer NOT NULL,
    action_time timestamp with time zone NOT NULL,
    object_id text,
    object_repr character varying(200) NOT NULL,
    action_flag smallint NOT NULL,
    change_message text NOT NULL,
    content_type_id integer,
    user_id bigint NOT NULL,
    CONSTRAINT django_admin_log_action_flag_check CHECK ((action_flag >= 0))
);


ALTER TABLE public.django_admin_log OWNER TO postgres;

--
-- TOC entry 225 (class 1259 OID 42482)
-- Name: django_admin_log_id_seq; Type: SEQUENCE; Schema: public; Owner: postgres
--

ALTER TABLE public.django_admin_log ALTER COLUMN id ADD GENERATED BY DEFAULT AS IDENTITY (
    SEQUENCE NAME public.django_admin_log_id_seq
    START WITH 1
    INCREMENT BY 1
    NO MINVALUE
    NO MAXVALUE
    CACHE 1
);


--
-- TOC entry 224 (class 1259 OID 42475)
-- Name: django_content_type; Type: TABLE; Schema: public; Owner: postgres
--

CREATE TABLE public.django_content_type (
    id integer NOT NULL,
    app_label character varying(100) NOT NULL,
    model character varying(100) NOT NULL
);


ALTER TABLE public.django_content_type OWNER TO postgres;

--
-- TOC entry 223 (class 1259 OID 42474)
-- Name: django_content_type_id_seq; Type: SEQUENCE; Schema: public; Owner: postgres
--

ALTER TABLE public.django_content_type ALTER COLUMN id ADD GENERATED BY DEFAULT AS IDENTITY (
    SEQUENCE NAME public.django_content_type_id_seq
    START WITH 1
    INCREMENT BY 1
    NO MINVALUE
    NO MAXVALUE
    CACHE 1
);


--
-- TOC entry 218 (class 1259 OID 42445)
-- Name: django_migrations; Type: TABLE; Schema: public; Owner: postgres
--

CREATE TABLE public.django_migrations (
    id bigint NOT NULL,
    app character varying(255) NOT NULL,
    name character varying(255) NOT NULL,
    applied timestamp with time zone NOT NULL
);


ALTER TABLE public.django_migrations OWNER TO postgres;

--
-- TOC entry 217 (class 1259 OID 42444)
-- Name: django_migrations_id_seq; Type: SEQUENCE; Schema: public; Owner: postgres
--

ALTER TABLE public.django_migrations ALTER COLUMN id ADD GENERATED BY DEFAULT AS IDENTITY (
    SEQUENCE NAME public.django_migrations_id_seq
    START WITH 1
    INCREMENT BY 1
    NO MINVALUE
    NO MAXVALUE
    CACHE 1
);


--
-- TOC entry 258 (class 1259 OID 43037)
-- Name: django_session; Type: TABLE; Schema: public; Owner: postgres
--

CREATE TABLE public.django_session (
    session_key character varying(40) NOT NULL,
    session_data text NOT NULL,
    expire_date timestamp with time zone NOT NULL
);


ALTER TABLE public.django_session OWNER TO postgres;

--
-- TOC entry 251 (class 1259 OID 42935)
-- Name: documents_document; Type: TABLE; Schema: public; Owner: postgres
--

CREATE TABLE public.documents_document (
    id bigint NOT NULL,
    description character varying(200) NOT NULL,
    file character varying(100) NOT NULL,
    company_id bigint NOT NULL,
    customer_id bigint NOT NULL,
    uploaded_at timestamp with time zone NOT NULL,
    document_type_id bigint NOT NULL,
    sales_id bigint NOT NULL
);


ALTER TABLE public.documents_document OWNER TO postgres;

--
-- TOC entry 250 (class 1259 OID 42934)
-- Name: documents_document_id_seq; Type: SEQUENCE; Schema: public; Owner: postgres
--

ALTER TABLE public.documents_document ALTER COLUMN id ADD GENERATED BY DEFAULT AS IDENTITY (
    SEQUENCE NAME public.documents_document_id_seq
    START WITH 1
    INCREMENT BY 1
    NO MINVALUE
    NO MAXVALUE
    CACHE 1
);


--
-- TOC entry 253 (class 1259 OID 42953)
-- Name: documents_documenttype; Type: TABLE; Schema: public; Owner: postgres
--

CREATE TABLE public.documents_documenttype (
    id bigint NOT NULL,
    name character varying(50) NOT NULL,
    description text,
    company_id bigint NOT NULL
);


ALTER TABLE public.documents_documenttype OWNER TO postgres;

--
-- TOC entry 252 (class 1259 OID 42952)
-- Name: documents_documenttype_id_seq; Type: SEQUENCE; Schema: public; Owner: postgres
--

ALTER TABLE public.documents_documenttype ALTER COLUMN id ADD GENERATED BY DEFAULT AS IDENTITY (
    SEQUENCE NAME public.documents_documenttype_id_seq
    START WITH 1
    INCREMENT BY 1
    NO MINVALUE
    NO MAXVALUE
    CACHE 1
);


--
-- TOC entry 255 (class 1259 OID 43002)
-- Name: milestones_milestone; Type: TABLE; Schema: public; Owner: postgres
--

CREATE TABLE public.milestones_milestone (
    id bigint NOT NULL,
    name character varying(100) NOT NULL,
    description text NOT NULL,
    reward character varying(100) NOT NULL,
    type character varying(10) NOT NULL,
    created_at timestamp with time zone NOT NULL,
    company_id bigint NOT NULL,
    commission_threshold numeric(10,2),
    sales_threshold integer,
    CONSTRAINT milestones_milestone_sales_threshold_check CHECK ((sales_threshold >= 0))
);


ALTER TABLE public.milestones_milestone OWNER TO postgres;

--
-- TOC entry 254 (class 1259 OID 43001)
-- Name: milestones_milestone_id_seq; Type: SEQUENCE; Schema: public; Owner: postgres
--

ALTER TABLE public.milestones_milestone ALTER COLUMN id ADD GENERATED BY DEFAULT AS IDENTITY (
    SEQUENCE NAME public.milestones_milestone_id_seq
    START WITH 1
    INCREMENT BY 1
    NO MINVALUE
    NO MAXVALUE
    CACHE 1
);


--
-- TOC entry 257 (class 1259 OID 43020)
-- Name: paysched_paymentschedule; Type: TABLE; Schema: public; Owner: postgres
--

CREATE TABLE public.paysched_paymentschedule (
    id bigint NOT NULL,
    title character varying(100) NOT NULL,
    company_id bigint NOT NULL,
    unit_id bigint NOT NULL
);


ALTER TABLE public.paysched_paymentschedule OWNER TO postgres;

--
-- TOC entry 256 (class 1259 OID 43019)
-- Name: paysched_paymentschedule_id_seq; Type: SEQUENCE; Schema: public; Owner: postgres
--

ALTER TABLE public.paysched_paymentschedule ALTER COLUMN id ADD GENERATED BY DEFAULT AS IDENTITY (
    SEQUENCE NAME public.paysched_paymentschedule_id_seq
    START WITH 1
    INCREMENT BY 1
    NO MINVALUE
    NO MAXVALUE
    CACHE 1
);


--
-- TOC entry 249 (class 1259 OID 42895)
-- Name: sales_sale; Type: TABLE; Schema: public; Owner: postgres
--

CREATE TABLE public.sales_sale (
    id bigint NOT NULL,
    date_sold date,
    broker_id bigint NOT NULL,
    customer_id bigint NOT NULL,
    site_id bigint NOT NULL,
    unit_id bigint NOT NULL,
    company_id bigint NOT NULL,
    status character varying(20) NOT NULL,
    payment_method character varying(20) NOT NULL,
    payment_reference character varying(100),
    reservation_fee numeric(10,2) NOT NULL,
    reservation_file character varying(100),
    commission numeric(10,2),
    is_archived boolean NOT NULL
);


ALTER TABLE public.sales_sale OWNER TO postgres;

--
-- TOC entry 248 (class 1259 OID 42894)
-- Name: sales_sale_id_seq; Type: SEQUENCE; Schema: public; Owner: postgres
--

ALTER TABLE public.sales_sale ALTER COLUMN id ADD GENERATED BY DEFAULT AS IDENTITY (
    SEQUENCE NAME public.sales_sale_id_seq
    START WITH 1
    INCREMENT BY 1
    NO MINVALUE
    NO MAXVALUE
    CACHE 1
);


--
-- TOC entry 262 (class 1259 OID 43077)
-- Name: salesagreement_salesagreement; Type: TABLE; Schema: public; Owner: postgres
--

CREATE TABLE public.salesagreement_salesagreement (
    id bigint NOT NULL,
    customer_name character varying(255) NOT NULL,
    customer_email character varying(254) NOT NULL,
    unit_title character varying(255) NOT NULL,
    site_name character varying(255) NOT NULL,
    unit_price numeric(10,2) NOT NULL,
    payment_plan character varying(255) NOT NULL,
    spot_discount numeric(5,2) NOT NULL,
    net_unit_price numeric(10,2) NOT NULL,
    other_charges numeric(10,2) NOT NULL,
    total_amount_payable numeric(12,2) NOT NULL,
    reservation_fee numeric(10,2) NOT NULL,
    net_full_payment numeric(12,2) NOT NULL,
    spot_downpayment numeric(10,2) NOT NULL,
    spread_downpayment numeric(10,2) NOT NULL,
    payable_months integer NOT NULL,
    payable_per_month numeric(10,2) NOT NULL,
    balance_upon_turnover numeric(12,2) NOT NULL,
    created_at timestamp with time zone NOT NULL,
    uuid uuid NOT NULL
);


ALTER TABLE public.salesagreement_salesagreement OWNER TO postgres;

--
-- TOC entry 261 (class 1259 OID 43076)
-- Name: salesagreement_salesagreement_id_seq; Type: SEQUENCE; Schema: public; Owner: postgres
--

ALTER TABLE public.salesagreement_salesagreement ALTER COLUMN id ADD GENERATED BY DEFAULT AS IDENTITY (
    SEQUENCE NAME public.salesagreement_salesagreement_id_seq
    START WITH 1
    INCREMENT BY 1
    NO MINVALUE
    NO MAXVALUE
    CACHE 1
);


--
-- TOC entry 264 (class 1259 OID 43091)
-- Name: salesdetails_salesdetails; Type: TABLE; Schema: public; Owner: postgres
--

CREATE TABLE public.salesdetails_salesdetails (
    id bigint NOT NULL,
    payment_plan character varying(255) NOT NULL,
    spot_discount_percent numeric(5,2) NOT NULL,
    tlp_discount_percent numeric(5,2) NOT NULL,
    other_charges_percent numeric(5,2) NOT NULL,
    spot_downpayment_percent numeric(5,2) NOT NULL,
    reservation_fee numeric(10,2) NOT NULL,
    spread_downpayment_percent numeric(5,2) NOT NULL,
    payable_months integer NOT NULL,
    payable_per_month numeric(10,2) NOT NULL,
    balance_upon_turnover numeric(12,2) NOT NULL,
    net_unit_price numeric(10,2) NOT NULL,
    total_amount_payable numeric(12,2) NOT NULL,
    net_full_payment numeric(12,2) NOT NULL,
    created_at timestamp with time zone NOT NULL,
    uuid uuid NOT NULL,
    broker_id bigint,
    customer_id bigint,
    unit_id bigint,
    site_id bigint,
    reservation_agreement character varying(100),
    sales_id bigint
);


ALTER TABLE public.salesdetails_salesdetails OWNER TO postgres;

--
-- TOC entry 263 (class 1259 OID 43090)
-- Name: salesdetails_salesdetails_id_seq; Type: SEQUENCE; Schema: public; Owner: postgres
--

ALTER TABLE public.salesdetails_salesdetails ALTER COLUMN id ADD GENERATED BY DEFAULT AS IDENTITY (
    SEQUENCE NAME public.salesdetails_salesdetails_id_seq
    START WITH 1
    INCREMENT BY 1
    NO MINVALUE
    NO MAXVALUE
    CACHE 1
);


--
-- TOC entry 270 (class 1259 OID 51347)
-- Name: sites_section; Type: TABLE; Schema: public; Owner: postgres
--

CREATE TABLE public.sites_section (
    id bigint NOT NULL,
    name character varying(50) NOT NULL,
    number integer NOT NULL,
    site_id bigint NOT NULL,
    CONSTRAINT sites_section_number_check CHECK ((number >= 0))
);


ALTER TABLE public.sites_section OWNER TO postgres;

--
-- TOC entry 269 (class 1259 OID 51346)
-- Name: sites_section_id_seq; Type: SEQUENCE; Schema: public; Owner: postgres
--

ALTER TABLE public.sites_section ALTER COLUMN id ADD GENERATED BY DEFAULT AS IDENTITY (
    SEQUENCE NAME public.sites_section_id_seq
    START WITH 1
    INCREMENT BY 1
    NO MINVALUE
    NO MAXVALUE
    CACHE 1
);


--
-- TOC entry 239 (class 1259 OID 42695)
-- Name: sites_site; Type: TABLE; Schema: public; Owner: postgres
--

CREATE TABLE public.sites_site (
    id bigint NOT NULL,
    name character varying(100) NOT NULL,
    description text NOT NULL,
    company_id bigint NOT NULL,
    status character varying(20) NOT NULL,
    picture character varying(100),
    created_at timestamp with time zone NOT NULL,
    archived boolean NOT NULL,
    barangay character varying(100) NOT NULL,
    municipality character varying(100) NOT NULL,
    postal_code character varying(20),
    province character varying(100) NOT NULL,
    region character varying(100) NOT NULL,
    other_charges numeric(12,2),
    reservation_fee numeric(12,2),
    spot_discount_flat numeric(12,2),
    spot_discount_percentage numeric(5,2),
    vat_percentage numeric(5,2) NOT NULL,
    commission numeric(10,2),
    maximum_months integer NOT NULL,
    numbering_type character varying(10) NOT NULL,
    section_label character varying(10) NOT NULL,
    address character varying(75),
    CONSTRAINT sites_site_maximum_months_check CHECK ((maximum_months >= 0))
);


ALTER TABLE public.sites_site OWNER TO postgres;

--
-- TOC entry 238 (class 1259 OID 42694)
-- Name: sites_site_id_seq; Type: SEQUENCE; Schema: public; Owner: postgres
--

ALTER TABLE public.sites_site ALTER COLUMN id ADD GENERATED BY DEFAULT AS IDENTITY (
    SEQUENCE NAME public.sites_site_id_seq
    START WITH 1
    INCREMENT BY 1
    NO MINVALUE
    NO MAXVALUE
    CACHE 1
);


--
-- TOC entry 241 (class 1259 OID 42729)
-- Name: units_unit; Type: TABLE; Schema: public; Owner: postgres
--

CREATE TABLE public.units_unit (
    id bigint NOT NULL,
    unit_title character varying(100) NOT NULL,
    floor_area numeric(10,2),
    lot_area numeric(10,2),
    status character varying(50) NOT NULL,
    company_id bigint NOT NULL,
    site_id bigint NOT NULL,
    price numeric(12,2),
    view character varying(10),
    balcony character varying(20),
    commission numeric(10,2),
    bathroom integer,
    bedroom integer,
    other_charges numeric(12,2),
    reservation_fee numeric(12,2),
    spot_discount_flat numeric(12,2),
    spot_discount_percentage numeric(5,2),
    unit_number character varying(20) NOT NULL,
    vat_percentage numeric(5,2) NOT NULL,
    unit_template_id bigint,
    section_id bigint NOT NULL,
    unit_type_id bigint,
    CONSTRAINT units_unit_bathroom_check CHECK ((bathroom >= 0)),
    CONSTRAINT units_unit_bedroom_check CHECK ((bedroom >= 0))
);


ALTER TABLE public.units_unit OWNER TO postgres;

--
-- TOC entry 240 (class 1259 OID 42728)
-- Name: units_unit_id_seq; Type: SEQUENCE; Schema: public; Owner: postgres
--

ALTER TABLE public.units_unit ALTER COLUMN id ADD GENERATED BY DEFAULT AS IDENTITY (
    SEQUENCE NAME public.units_unit_id_seq
    START WITH 1
    INCREMENT BY 1
    NO MINVALUE
    NO MAXVALUE
    CACHE 1
);


--
-- TOC entry 260 (class 1259 OID 43063)
-- Name: units_unitimage; Type: TABLE; Schema: public; Owner: postgres
--

CREATE TABLE public.units_unitimage (
    id bigint NOT NULL,
    image character varying(100) NOT NULL,
    uploaded_at timestamp with time zone NOT NULL,
    unit_id bigint,
    image_type character varying(20) NOT NULL,
    unit_template_id bigint,
    "primary" boolean
);


ALTER TABLE public.units_unitimage OWNER TO postgres;

--
-- TOC entry 259 (class 1259 OID 43062)
-- Name: units_unitimage_id_seq; Type: SEQUENCE; Schema: public; Owner: postgres
--

ALTER TABLE public.units_unitimage ALTER COLUMN id ADD GENERATED BY DEFAULT AS IDENTITY (
    SEQUENCE NAME public.units_unitimage_id_seq
    START WITH 1
    INCREMENT BY 1
    NO MINVALUE
    NO MAXVALUE
    CACHE 1
);


--
-- TOC entry 266 (class 1259 OID 43549)
-- Name: units_unittemplate; Type: TABLE; Schema: public; Owner: postgres
--

CREATE TABLE public.units_unittemplate (
    id bigint NOT NULL,
    name character varying(100) NOT NULL,
    bedroom integer NOT NULL,
    bathroom integer NOT NULL,
    floor_area numeric(10,2),
    lot_area numeric(10,2),
    price numeric(12,2),
    view character varying(10),
    balcony character varying(20),
    commission numeric(10,2),
    description text NOT NULL,
    company_id bigint NOT NULL,
    unit_type_id bigint,
    last_updated timestamp with time zone NOT NULL,
    primary_image_id bigint,
    relative_id character varying(255),
    is_archived boolean NOT NULL,
    CONSTRAINT units_unittemplate_bathroom_check CHECK ((bathroom >= 0)),
    CONSTRAINT units_unittemplate_bedroom_check CHECK ((bedroom >= 0))
);


ALTER TABLE public.units_unittemplate OWNER TO postgres;

--
-- TOC entry 265 (class 1259 OID 43548)
-- Name: units_unittemplate_id_seq; Type: SEQUENCE; Schema: public; Owner: postgres
--

ALTER TABLE public.units_unittemplate ALTER COLUMN id ADD GENERATED BY DEFAULT AS IDENTITY (
    SEQUENCE NAME public.units_unittemplate_id_seq
    START WITH 1
    INCREMENT BY 1
    NO MINVALUE
    NO MAXVALUE
    CACHE 1
);


--
-- TOC entry 268 (class 1259 OID 43724)
-- Name: units_unittype; Type: TABLE; Schema: public; Owner: postgres
--

CREATE TABLE public.units_unittype (
    id bigint NOT NULL,
    name character varying(50) NOT NULL,
    is_custom boolean NOT NULL,
    is_archived boolean NOT NULL,
    company_id bigint
);


ALTER TABLE public.units_unittype OWNER TO postgres;

--
-- TOC entry 267 (class 1259 OID 43723)
-- Name: units_unittype_id_seq; Type: SEQUENCE; Schema: public; Owner: postgres
--

ALTER TABLE public.units_unittype ALTER COLUMN id ADD GENERATED BY DEFAULT AS IDENTITY (
    SEQUENCE NAME public.units_unittype_id_seq
    START WITH 1
    INCREMENT BY 1
    NO MINVALUE
    NO MAXVALUE
    CACHE 1
);


--
-- TOC entry 5134 (class 0 OID 42504)
-- Dependencies: 228
-- Data for Name: affiliations_affiliation; Type: TABLE DATA; Schema: public; Owner: postgres
--

COPY public.affiliations_affiliation (id, name, description, company_id) FROM stdin;
\.


--
-- TOC entry 5138 (class 0 OID 42525)
-- Dependencies: 232
-- Data for Name: auth_group; Type: TABLE DATA; Schema: public; Owner: postgres
--

COPY public.auth_group (id, name) FROM stdin;
\.


--
-- TOC entry 5140 (class 0 OID 42533)
-- Dependencies: 234
-- Data for Name: auth_group_permissions; Type: TABLE DATA; Schema: public; Owner: postgres
--

COPY public.auth_group_permissions (id, group_id, permission_id) FROM stdin;
\.


--
-- TOC entry 5136 (class 0 OID 42519)
-- Dependencies: 230
-- Data for Name: auth_permission; Type: TABLE DATA; Schema: public; Owner: postgres
--

COPY public.auth_permission (id, name, content_type_id, codename) FROM stdin;
1	Can add log entry	1	add_logentry
2	Can change log entry	1	change_logentry
3	Can delete log entry	1	delete_logentry
4	Can view log entry	1	view_logentry
5	Can add permission	2	add_permission
6	Can change permission	2	change_permission
7	Can delete permission	2	delete_permission
8	Can view permission	2	view_permission
9	Can add group	3	add_group
10	Can change group	3	change_group
11	Can delete group	3	delete_group
12	Can view group	3	view_group
13	Can add content type	4	add_contenttype
14	Can change content type	4	change_contenttype
15	Can delete content type	4	delete_contenttype
16	Can view content type	4	view_contenttype
17	Can add session	5	add_session
18	Can change session	5	change_session
19	Can delete session	5	delete_session
20	Can view session	5	view_session
21	Can add developer	6	add_developer
22	Can change developer	6	change_developer
23	Can delete developer	6	delete_developer
24	Can view developer	6	view_developer
25	Can add broker	7	add_broker
26	Can change broker	7	change_broker
27	Can delete broker	7	delete_broker
28	Can view broker	7	view_broker
29	Can add unit	8	add_unit
30	Can change unit	8	change_unit
31	Can delete unit	8	delete_unit
32	Can view unit	8	view_unit
33	Can add unit image	9	add_unitimage
34	Can change unit image	9	change_unitimage
35	Can delete unit image	9	delete_unitimage
36	Can view unit image	9	view_unitimage
37	Can add payment schedule	10	add_paymentschedule
38	Can change payment schedule	10	change_paymentschedule
39	Can delete payment schedule	10	delete_paymentschedule
40	Can view payment schedule	10	view_paymentschedule
41	Can add affiliation	11	add_affiliation
42	Can change affiliation	11	change_affiliation
43	Can delete affiliation	11	delete_affiliation
44	Can view affiliation	11	view_affiliation
45	Can add customer	12	add_customer
46	Can change customer	12	change_customer
47	Can delete customer	12	delete_customer
48	Can view customer	12	view_customer
49	Can add Company	13	add_company
50	Can change Company	13	change_company
51	Can delete Company	13	delete_company
52	Can view Company	13	view_company
53	Can add document	14	add_document
54	Can change document	14	change_document
55	Can delete document	14	delete_document
56	Can view document	14	view_document
57	Can add document type	15	add_documenttype
58	Can change document type	15	change_documenttype
59	Can delete document type	15	delete_documenttype
60	Can view document type	15	view_documenttype
61	Can add site	16	add_site
62	Can change site	16	change_site
63	Can delete site	16	delete_site
64	Can view site	16	view_site
65	Can add milestone	17	add_milestone
66	Can change milestone	17	change_milestone
67	Can delete milestone	17	delete_milestone
68	Can view milestone	17	view_milestone
69	Can add sale	18	add_sale
70	Can change sale	18	change_sale
71	Can delete sale	18	delete_sale
72	Can view sale	18	view_sale
73	Can add Token	19	add_token
74	Can change Token	19	change_token
75	Can delete Token	19	delete_token
76	Can view Token	19	view_token
77	Can add Token	20	add_tokenproxy
78	Can change Token	20	change_tokenproxy
79	Can delete Token	20	delete_tokenproxy
80	Can view Token	20	view_tokenproxy
81	Can add user	21	add_user
82	Can change user	21	change_user
83	Can delete user	21	delete_user
84	Can view user	21	view_user
85	Can add sales agreement	22	add_salesagreement
86	Can change sales agreement	22	change_salesagreement
87	Can delete sales agreement	22	delete_salesagreement
88	Can view sales agreement	22	view_salesagreement
89	Can add sales details	23	add_salesdetails
90	Can change sales details	23	change_salesdetails
91	Can delete sales details	23	delete_salesdetails
92	Can view sales details	23	view_salesdetails
93	Can add unit template	24	add_unittemplate
94	Can change unit template	24	change_unittemplate
95	Can delete unit template	24	delete_unittemplate
96	Can view unit template	24	view_unittemplate
97	Can add floor	25	add_floor
98	Can change floor	25	change_floor
99	Can delete floor	25	delete_floor
100	Can view floor	25	view_floor
101	Can add unit type	26	add_unittype
102	Can change unit type	26	change_unittype
103	Can delete unit type	26	delete_unittype
104	Can view unit type	26	view_unittype
105	Can add section	27	add_section
106	Can change section	27	change_section
107	Can delete section	27	delete_section
108	Can view section	27	view_section
\.


--
-- TOC entry 5141 (class 0 OID 42564)
-- Dependencies: 235
-- Data for Name: authtoken_token; Type: TABLE DATA; Schema: public; Owner: postgres
--

COPY public.authtoken_token (key, created, user_id) FROM stdin;
\.


--
-- TOC entry 5143 (class 0 OID 42590)
-- Dependencies: 237
-- Data for Name: brokers_broker; Type: TABLE DATA; Schema: public; Owner: postgres
--

COPY public.brokers_broker (id, email, username, contact_number, company_id, password, last_login, first_name, last_name, archived) FROM stdin;
5	cysness@gmail.com	El	12345678901	1	pbkdf2_sha256$870000$V9O5msbq5SkgNnr6XkUS63$yfZIDS8yvgb2GwELTtE07EUq/wmWQHmxGu18MHBugN4=	2024-12-14 15:29:27.473349+08	Lorena	Cagang	f
4	clober@yahoo.com	gracenicole	123482172321	1	pbkdf2_sha256$870000$nCtSi6Qce9bGq1U7jGU2Jl$MKE3pTwLP4BoFynxAQSrxQif1HPAo6o2W/KJKavCwOU=	2024-11-19 00:55:43.706688+08	Grace	Nicole	f
3	123@gmail.com	Jew	12321321321	1	pbkdf2_sha256$870000$3v5IKoIVGa5Oz5AleZYnA1$IlV4VyyU+eqVZnNPqhsI4A376E7ZtZExmKfjjiGvDHY=	\N	Jewel	Jaime	f
7	shiaiannesison@gmail.com	7.sisonshayan	12341241412	1	pbkdf2_sha256$870000$ivv5smAyIFE8PRf2NaMHTl$gB5rjucvDZNMwrDG3NgZArGl5JcW2YQ2Pathivpacs8=	\N	Sison	Shayan	f
10	aaaj@gmail.com	10.mavituazon	213131321321	1	pbkdf2_sha256$870000$tJ5hLYyBQu6jZqdwjUfjyU$zrpxuZGaWR0d2+e1NCU6JcpADXUOVqpQYx/Lvgau5J4=	2024-11-30 23:42:10.086508+08	Mavi	Tuazon	f
11	snowy@gmail.com	11.snowynana	2189328133	1	pbkdf2_sha256$870000$OXaeEiWbfnxPFlB9LUHvzr$CJNspWS/S9YRNG9QXKISHi/Q+pKJjIxu2O6fmm56Ymw=	2024-11-30 23:59:42.3459+08	Snowy	Nana	f
1	defency27@gmail.com	snowybrk	22132131321	1	pbkdf2_sha256$870000$9KzmcQqpKZdzfxNna3y3lY$TaQuAxeAHhZPXRNZ9eLnXB2SSrPEwzZJ+naq11c5RNI=	2024-12-01 00:57:46.3843+08	Cy	Snowy	f
14	AJQuiam@gmail.com	14.ajquaimbao	09162962222	2	pbkdf2_sha256$870000$I9P2mIOkPvgrL1q3RUPrFC$0HV7hvf28oKGelR2OucvMyeAMwLYlSMI0Md9PkyBiQA=	\N	AJ	Quaimbao	f
15	senicsalangsang@gmail.com	15.arsenicsalangsang	09162963333	2	pbkdf2_sha256$870000$rkWwL5o2jXbO1WtfJ8aD7p$K8aNRlBB9N5u+O6/ij1zpb3PWB29UNyWq6i733mztRs=	\N	Arsenic	Salangsang	f
9	aaj@gmail.com	dumi	294194219321	1	pbkdf2_sha256$870000$qqA0ZP3ouwVkk69GmkpG78$Qemts/fMD5S4IbpX6Uw3WhEHLWJtNZ1zRTrdky+ojPg=	\N	Quiambao	QuaimabAJ	f
2	c@gmail.cawm	Arsenic	123456789	1	pbkdf2_sha256$870000$WE1RhLLB59UpAJDrQsZIWb$l4zyrPSnlDIjffzOHNgrG/MCUT/qb+eR3SsIY+RJu2g=	\N	Arsenic	Salangsang	t
16	gwynnC@gmail.com	16.gwynncujardo	09162964444	2	pbkdf2_sha256$870000$J621eDdZRDRbSOvyLbIjUA$0QZiTm4+yy2w5xbM1uoIVY9PhvAmFHLiYL+QjsJShQo=	\N	Gwynn	Cujardo	f
13	jeweljaime@gmail.com	13.jewelvaidajaime	09162961111	2	pbkdf2_sha256$870000$5nzD8CCDHLI1IW2K3SMNoy$fNQrWLyrrZx9eF8z6/qDY/I3xpN7Nuw9coOrUg2v/A0=	2024-12-11 02:05:54.048541+08	Jewel Vaida	Jaime	f
8	gwcujar@gmail.com	gwynnssss	2131831731	1	pbkdf2_sha256$870000$9Na3Lt3KwlHbrnzXS1Y85o$4pa5BNgmePwl/2Qk7iOK28k4nTkqLah3F49jyQ3trwc=	\N	Cujardo	Gwynn	f
12	MigVilo@gmail.com	12.migzviloria	1234421321	1	pbkdf2_sha256$870000$NtCAieYFLMixQPnCPkM4Va$AlMpt6JZUDnvb0jRBpAO1DzbR3zxgbwlW5v8VkwRnZ4=	\N	Migz	Viloria	f
19	1231321@gmail.com	19.ikawhinditest	213132132131	1	pbkdf2_sha256$870000$IszMEAGyA9SLB6WSw9FaB8$XA+uRf33E1/X+6u+0PU4VHDfTudD8oYig3XARdJKcwc=	\N	ikaw hindi	test	f
20	123132@gmail.com	20.yeheytdedede	22893193821	1	pbkdf2_sha256$870000$NrcE1Kigh0YXABhxzReIN3$HRj33I3tmF+9EI2E5jdYf7LehoOVjY6ZMeqz7ygYp78=	\N	yehey	tdedede	f
17	dummytest@gmail.com	17.dummytest	21930193813	2	pbkdf2_sha256$870000$yo0FTfZlLg47UuRj9SsPqk$8yFBL0oJhFTi1mTOzT9Kflqaeht+1mWWBlANYibZsos=	\N	Dummy	Test	f
18	shayan@gmail.com	18.shayansison	21321321321	2	pbkdf2_sha256$870000$xNFu29Q54CEA6EpJvUEs90$58cOm7cchoTryvz1tO+gBT4OOi49j9AgRRm0wbIYe8Y=	\N	Shayan	Sison	t
6	snowdog@gmail.com	MC	12321321321	1	pbkdf2_sha256$870000$OMlRxDhMMayFjxaqkygF4d$+xQlWI8WRV4rQCCI1crWAntputkY7pixNL1zfTyb+EE=	2024-12-13 13:56:08.853803+08	Mariecris	Camasis	t
\.


--
-- TOC entry 5126 (class 0 OID 42453)
-- Dependencies: 220
-- Data for Name: companies_company; Type: TABLE DATA; Schema: public; Owner: postgres
--

COPY public.companies_company (id, name, description, logo, is_active, created_at, updated_at) FROM stdin;
2	DMCI		photos/DMCI/logo/company_logo_rc2ce8I.jpg	t	2024-12-10 13:19:26.844459+08	2024-12-10 15:43:44.679623+08
1	SMDC Aloe Vera	yehey	photos/SMDCAloeVera/logo/company_logo_SacZmwT.jpg	t	2024-11-17 21:45:08.561943+08	2024-12-14 03:07:08.800029+08
\.


--
-- TOC entry 5149 (class 0 OID 42769)
-- Dependencies: 243
-- Data for Name: customers_customer; Type: TABLE DATA; Schema: public; Owner: postgres
--

COPY public.customers_customer (id, email, contact_number, broker_id, first_name, last_name, company_id, customer_code, archived) FROM stdin;
8	test@gmail.com	213131321321	5	testtt	hehe	1	CUST-001	f
10	hehe@gmail.com	32131321	1	tol	test	1	CUST-001	f
12	TESTLOL@GMAIL.COM	2131321321321321	5	test	LOL	1	CUST-004	f
15	new@gmail.com	2131231321	5	ALFREDO	test	1	CUST-007	t
14	2930193129@gmail.com	8732717321	5	Ligo	555 Tuna	1	CUST-006	f
13	22222@gmail.com	213123121	5	Kung Ako 	Nalang Sana	1	CUST-005	f
11	123@gmail.com	hehe	5	Watashi 	Wasta	1	CUST-003	f
9	testtt@gmail.com	28321321321	5	Customer	Tester	1	CUST-002	t
17	gres@gmail.com	32132131321	13	Grace Nicole	Aqruiza	2	CUST-001	f
18	alfredoadqs@gmail.com	32132131321	13	Alfredo	Dacquel	2	CUST-002	f
20	marsawa@gmail.com	32132131321	13	Angge	Balais	2	CUST-004	f
21	cyrusparaiso@gmail.com	123451231	13	Cya	Snow	2	CUST-005	f
19	cysness@gmail.com	32132131321	13	Yuki	Masa	2	CUST-003	f
16	cyrusparaiso@gmail.com	1231231213	5	Cy	Delulu	1	CUST-008	f
22	cysness@gmail.com	12321321321	5	Cya	NEST	1	CUST-009	f
23	mj@gmail.com	2132131321321	5	jhya	mark	1	CUST-010	f
24	hehe@gmail.com	124421421	5	tetetete	new	1	CUST-011	f
\.


--
-- TOC entry 5128 (class 0 OID 42461)
-- Dependencies: 222
-- Data for Name: developers_developer; Type: TABLE DATA; Schema: public; Owner: postgres
--

COPY public.developers_developer (id, email, username, company_id, password, last_login, first_name, last_name, contact_number, is_active, is_staff, is_superuser) FROM stdin;
1	luf@gmail.com	luffy	\N	pbkdf2_sha256$870000$tQiiVRthE4OX7TUIzvoiej$PGVd01OTAxtszpzOsI/EQNUrRjRMMnrKne2x4T1tIao=	2024-12-02 00:07:28.195941+08	Luf	Fy	\N	t	t	t
2	defency27@gmail.com	snowydev	1	pbkdf2_sha256$870000$cAy5ON8hRD6pUbqoJUXAwj$AE63xBf44tMAxb9XUny7ZR49c8SqVPNzrZcEuYb/p/A=	2024-12-14 17:53:38.640886+08	Lovel	Cyy	13232132131	t	f	f
6	cyrusparaiso@gmail.com	dmcidev	2	pbkdf2_sha256$870000$N4fydyGy4ObUUlYyutcxGY$Tmlgt7bZYyM84ycFAD801+5NZe6/EZRcQkBtv4q7pHc=	2024-12-13 14:03:22.952596+08	Cyrus	DMCI	\N	t	f	f
\.


--
-- TOC entry 5151 (class 0 OID 42844)
-- Dependencies: 245
-- Data for Name: developers_developer_groups; Type: TABLE DATA; Schema: public; Owner: postgres
--

COPY public.developers_developer_groups (id, developer_id, group_id) FROM stdin;
\.


--
-- TOC entry 5153 (class 0 OID 42850)
-- Dependencies: 247
-- Data for Name: developers_developer_user_permissions; Type: TABLE DATA; Schema: public; Owner: postgres
--

COPY public.developers_developer_user_permissions (id, developer_id, permission_id) FROM stdin;
1	2	16
\.


--
-- TOC entry 5132 (class 0 OID 42483)
-- Dependencies: 226
-- Data for Name: django_admin_log; Type: TABLE DATA; Schema: public; Owner: postgres
--

COPY public.django_admin_log (id, action_time, object_id, object_repr, action_flag, change_message, content_type_id, user_id) FROM stdin;
1	2024-11-17 21:45:08.564918+08	1	SMDC Aloe Vera	1	[{"added": {}}]	13	1
2	2024-11-17 21:46:17.514386+08	1	Al Wing A	1	[{"added": {}}]	16	1
3	2024-11-17 21:46:33.037317+08	2	Al Wing B	1	[{"added": {}}]	16	1
4	2024-11-17 22:47:41.185817+08	2	Snowy Dev	1	[{"added": {}}]	6	1
5	2024-11-17 22:50:49.012483+08	1	Luf Fy	2	[{"changed": {"fields": ["Password"]}}]	6	1
6	2024-11-17 22:51:09.195619+08	2	Snowy Dev	2	[]	6	1
7	2024-11-17 22:52:15.106614+08	3	SMDC Wing A	1	[{"added": {}}]	16	1
8	2024-11-17 22:52:24.200624+08	4	SMDC Wing B	1	[{"added": {}}]	16	1
9	2024-11-17 22:52:56.283872+08	1	Al Wing A - Test	1	[{"added": {}}]	8	1
10	2024-11-17 22:53:21.910876+08	1	Cy Snowy	1	[{"added": {}}]	7	1
11	2024-11-17 22:54:16.996545+08	2	SMDC Wing B - Tester	1	[{"added": {}}]	8	1
12	2024-11-17 22:54:23.813808+08	2	SMDC Wing B - Tester	2	[{"added": {"name": "unit image", "object": "Image for Tester"}}]	8	1
13	2024-11-17 22:54:46.15982+08	4	SMDC Wing B	2	[{"changed": {"fields": ["Picture"]}}]	16	1
14	2024-11-17 23:04:38.914665+08	1	Cy Snowy	2	[{"changed": {"fields": ["Email"]}}]	7	1
15	2024-11-18 00:20:14.701716+08	1	Cy Snowy	2	[{"changed": {"fields": ["Password"]}}]	7	1
16	2024-11-19 00:46:25.058401+08	2	Faaaer Cy	2	[{"changed": {"fields": ["Company"]}}]	7	1
17	2024-11-22 21:52:11.33375+08	3	Al Wing B - 9879879n ew	1	[{"added": {}}]	8	1
18	2024-11-22 21:52:25.099711+08	2	Al Wing B	2	[{"changed": {"fields": ["Picture"]}}]	16	1
19	2024-11-22 21:57:09.816346+08	5	Cyrus, Doghot	1	[{"added": {}}]	12	1
20	2024-11-23 13:34:50.566748+08	4	SMDC Wing B	2	[{"changed": {"fields": ["Picture"]}}]	16	1
21	2024-11-23 17:51:40.835654+08	1	Contract	1	[{"added": {}}]	15	1
22	2024-11-23 17:55:35.844275+08	1	Contract - Contract Deets	1	[{"added": {}}]	14	1
23	2024-11-23 18:11:02.630041+08	2	Valid ID - 1	1	[{"added": {}}]	15	1
24	2024-11-23 18:12:40.79494+08	2	Valid ID - 1 - VALID ID	1	[{"added": {}}]	14	1
25	2024-11-23 18:14:13.839279+08	3	TIN Number	1	[{"added": {}}]	15	1
26	2024-11-23 18:14:20.458051+08	4	Proof of Income	1	[{"added": {}}]	15	1
27	2024-11-23 18:50:52.097167+08	2	Sale of Test to TUP Cy	2	[{"changed": {"fields": ["Status"]}}]	18	1
28	2024-11-25 15:12:28.77983+08	4	SMDC Wing B	2	[{"changed": {"fields": ["Archived"]}}]	16	1
29	2024-11-25 16:17:02.213987+08	4	SMDC Wing A - 123231	1	[{"added": {}}]	8	1
30	2024-11-25 16:17:35.166781+08	3	Al Wing B - 9879879n ew	2	[{"changed": {"fields": ["Status"]}}]	8	1
31	2024-11-25 16:17:46.242033+08	4	SMDC Wing B	2	[{"changed": {"fields": ["Archived"]}}]	16	1
32	2024-11-25 16:18:02.45335+08	3	Al Wing B - 9879879n ew	2	[{"changed": {"fields": ["Status"]}}]	8	1
33	2024-11-26 22:27:20.026188+08	4	SMDC Wing B	2	[{"changed": {"fields": ["Picture"]}}]	16	1
34	2024-11-26 22:27:54.528954+08	2	Al Wing B	2	[{"changed": {"fields": ["Picture"]}}]	16	1
35	2024-11-26 22:29:08.304382+08	3	SMDC Wing A	2	[{"changed": {"fields": ["Picture"]}}]	16	1
36	2024-11-29 16:26:23.580673+08	5	delete - 1BR (Unit 01001)	1	[{"added": {}}]	8	1
37	2024-11-29 16:32:19.686155+08	6	SMDC Wing B - teste (Unit 01001)	1	[{"added": {}}]	8	1
38	2024-11-29 16:41:43.559433+08	7	SMDC Wing A - 1BR (Unit 10001)	1	[{"added": {}}]	8	1
39	2024-11-29 16:46:23.965847+08	1	First Sale	1	[{"added": {}}]	17	1
40	2024-11-29 16:47:03.424857+08	2	First 100k!	1	[{"added": {}}]	17	1
41	2024-11-29 17:25:37.877392+08	2	test Cy	2	[{"changed": {"fields": ["Username", "Email", "First name", "Last name"]}}]	6	1
42	2024-11-30 16:38:35.287331+08	7	hehe	2	[{"changed": {"fields": ["Archived"]}}]	16	1
43	2024-11-30 17:54:49.957951+08	1	Al Wing A	2	[]	16	1
44	2024-11-30 18:00:40.526957+08	1	Al Wing A	2	[{"changed": {"fields": ["Number of Floors to Add"]}}]	16	1
45	2024-11-30 21:31:53.341143+08	9	test	1	[{"added": {}}]	16	1
46	2024-11-30 21:31:59.202434+08	9	test	2	[{"changed": {"fields": ["Number of Floors to Add"]}}]	16	1
47	2024-11-30 21:32:41.872257+08	9	test	3		16	1
48	2024-12-02 00:07:42.706172+08	11	hehe	1	[{"added": {}}]	16	1
49	2024-12-02 00:07:48.562484+08	11	hehe	2	[{"changed": {"fields": ["Number of Floors to Add"]}}]	16	1
50	2024-12-02 00:48:44.982234+08	14	22test	3		16	1
51	2024-12-02 00:49:41.110133+08	15	22test	3		16	1
52	2024-12-02 00:52:52.451598+08	16	22test	3		16	1
53	2024-12-02 01:50:13.74714+08	17	dete	3		16	1
54	2024-12-02 14:36:49.598647+08	8	delete mo - test (Unit 03001)	1	[{"added": {}}]	8	1
55	2024-12-02 15:02:31.477917+08	9	delete - 1 (Unit 02001)	1	[{"added": {}}]	8	1
56	2024-12-02 16:12:26.401121+08	1	temp1	1	[{"added": {}}]	24	1
57	2024-12-02 16:49:13.315252+08	2	teset	1	[{"added": {}}]	24	1
58	2024-12-02 16:49:34.00349+08	10	delete mo - 5 (Unit 03002)	1	[{"added": {}}]	8	1
59	2024-12-03 13:50:29.28334+08	11	Al Wing A - testetstetest (Unit 15001)	1	[{"added": {}}]	8	1
60	2024-12-03 14:18:57.934461+08	12	SMDC Wing B - 21TEST (Unit 10001)	1	[{"added": {}}]	8	1
61	2024-12-03 14:22:08.912592+08	13	Al Wing A - test (Unit 06001)	1	[{"added": {}}]	8	1
62	2024-12-03 14:33:46.905531+08	11	Al Wing A - testetstetest (Unit 15001)	2	[{"changed": {"fields": ["Status"]}}]	8	1
63	2024-12-03 14:33:56.270813+08	13	Al Wing A - test (Unit 06001)	2	[{"changed": {"fields": ["Status"]}}]	8	1
64	2024-12-05 21:38:40.552798+08	2	Hehe Type	1	[{"added": {}}]	26	1
65	2024-12-05 21:40:05.368445+08	14	SMDC Wing B - Studio - 06001	1	[{"added": {}}]	8	1
66	2024-12-07 20:09:29.551719+08	2	Image for Studio - 06001	1	[{"added": {}}]	9	1
67	2024-12-07 23:55:20.677747+08	20	Aba	3		16	1
68	2024-12-07 23:55:20.677747+08	19	Test	3		16	1
69	2024-12-07 23:55:20.677747+08	18	Robinsons Molly	3		16	1
70	2024-12-07 23:55:20.677747+08	13	hehe	3		16	1
71	2024-12-07 23:55:20.677747+08	6	testter	3		16	1
72	2024-12-07 23:55:20.677747+08	5	test	3		16	1
73	2024-12-08 14:53:21.943158+08	110	Crush Kita El - Studio - 01005	2	[{"changed": {"fields": ["Commission"]}}, {"added": {"name": "unit image", "object": "Image for Studio - 01005"}}]	8	1
74	2024-12-08 15:20:12.215178+08	8	Image for Studio - 01005	1	[{"added": {}}]	9	1
75	2024-12-10 11:11:39.754961+08	28	jew	2	[{"changed": {"fields": ["Number of Floors to Add"]}}]	16	1
76	2024-12-10 11:12:25.997184+08	28	jew	2	[{"changed": {"fields": ["Number of Floors to Add"]}}]	16	1
77	2024-12-10 11:12:38.476212+08	28	jew	2	[{"changed": {"fields": ["Number of Floors to Add"]}}]	16	1
78	2024-12-10 11:13:34.067758+08	28	jew	2	[{"changed": {"fields": ["Number of Floors to Add"]}}]	16	1
79	2024-12-10 11:16:23.904211+08	28	jew	2	[{"changed": {"fields": ["Number of Floors to Add"]}}]	16	1
80	2024-12-10 11:17:04.58073+08	28	jew	2	[{"changed": {"fields": ["Number of Floors to Add"]}}]	16	1
81	2024-12-10 11:18:31.63873+08	28	jew	2	[{"changed": {"fields": ["Number of Floors to Add"]}}]	16	1
82	2024-12-10 12:31:49.104743+08	29	hehe	1	[{"added": {}}]	16	1
83	2024-12-10 12:32:14.198122+08	213	hehe - Studio - 02001	1	[{"added": {}}]	8	1
84	2024-12-10 13:15:28.381667+08	230	Bago - Studio - 08001	1	[{"added": {}}]	8	1
85	2024-12-10 13:15:49.381716+08	231	Bago - Studio - 04006	1	[{"added": {}}]	8	1
86	2024-12-10 13:19:26.847075+08	2	DMCI	1	[{"added": {}}]	13	1
87	2024-12-10 13:19:59.589715+08	6	Cyrus DMCI	1	[{"added": {}}]	6	1
88	2024-12-10 13:20:03.587033+08	6	Cyrus DMCI	2	[{"changed": {"fields": ["Email"]}}]	6	1
89	2024-12-10 15:15:39.511704+08	9	Valid ID 2	2	[]	15	1
90	2024-12-10 15:46:11.835846+08	35	DMCI Losanto	2	[{"changed": {"fields": ["Picture"]}}]	16	1
91	2024-12-10 17:21:24.74998+08	12	testter	2	[{"changed": {"fields": ["Company"]}}]	26	1
92	2024-12-10 20:24:46.739872+08	3	 	3		6	1
93	2024-12-11 01:52:29.764873+08	35	DMCI Losanto	3		16	1
94	2024-12-12 22:30:30.651664+08	43	ur smile	3		16	1
95	2024-12-12 22:30:30.651664+08	42	test	3		16	1
96	2024-12-12 22:30:30.651664+08	41	gwyn	3		16	1
97	2024-12-12 22:30:30.651664+08	40	AJ Nacalub Pride	3		16	1
98	2024-12-12 22:30:30.651664+08	32	my way	3		16	1
99	2024-12-12 22:30:30.651664+08	31	Bago	3		16	1
100	2024-12-12 22:30:30.651664+08	29	hehe	3		16	1
101	2024-12-12 22:30:30.651664+08	26	My Way	3		16	1
102	2024-12-12 22:30:30.651664+08	12	delete mo	3		16	1
103	2024-12-13 01:55:49.516902+08	51	11	2	[{"changed": {"fields": ["Number of sections to Add"]}}]	16	1
104	2024-12-13 01:56:25.09999+08	50	tester	3		16	1
105	2024-12-13 01:56:25.09999+08	49	tester	3		16	1
106	2024-12-13 02:07:26.259303+08	51	11	3		16	1
107	2024-12-13 02:25:20.755707+08	674	El Cagz - Studio Deluxe - 1-001	1	[{"added": {}}]	8	1
108	2024-12-13 13:21:49.055654+08	684	123 Umbrella - Studio - 26-001	1	[{"added": {}}]	8	1
109	2024-12-13 13:57:55.963791+08	722	xdxdxd - 3 Bedroom - 12-003	2	[{"changed": {"fields": ["Status", "View"]}}]	8	1
110	2024-12-13 13:59:24.879671+08	755	xdxdxd - 3 Bedroom - 14-006	2	[{"changed": {"fields": ["Status", "View"]}}]	8	1
\.


--
-- TOC entry 5130 (class 0 OID 42475)
-- Dependencies: 224
-- Data for Name: django_content_type; Type: TABLE DATA; Schema: public; Owner: postgres
--

COPY public.django_content_type (id, app_label, model) FROM stdin;
1	admin	logentry
2	auth	permission
3	auth	group
4	contenttypes	contenttype
5	sessions	session
6	developers	developer
7	brokers	broker
8	units	unit
9	units	unitimage
10	paysched	paymentschedule
11	affiliations	affiliation
12	customers	customer
13	companies	company
14	documents	document
15	documents	documenttype
16	sites	site
17	milestones	milestone
18	sales	sale
19	authtoken	token
20	authtoken	tokenproxy
21	auth	user
22	salesagreement	salesagreement
23	salesdetails	salesdetails
24	units	unittemplate
25	sites	floor
26	units	unittype
27	sites	section
\.


--
-- TOC entry 5124 (class 0 OID 42445)
-- Dependencies: 218
-- Data for Name: django_migrations; Type: TABLE DATA; Schema: public; Owner: postgres
--

COPY public.django_migrations (id, app, name, applied) FROM stdin;
1	companies	0001_initial	2024-11-17 21:43:54.294555+08
2	developers	0001_initial	2024-11-17 21:43:54.334092+08
3	contenttypes	0001_initial	2024-11-17 21:43:54.348093+08
4	admin	0001_initial	2024-11-17 21:43:54.377314+08
5	admin	0002_logentry_remove_auto_add	2024-11-17 21:43:54.386314+08
6	admin	0003_logentry_add_action_flag_choices	2024-11-17 21:43:54.392315+08
7	affiliations	0001_initial	2024-11-17 21:43:54.415408+08
8	affiliations	0002_affiliation_is_active	2024-11-17 21:43:54.425662+08
9	affiliations	0003_remove_affiliation_is_active	2024-11-17 21:43:54.431661+08
10	contenttypes	0002_remove_content_type_name	2024-11-17 21:43:54.451661+08
11	auth	0001_initial	2024-11-17 21:43:54.51573+08
12	auth	0002_alter_permission_name_max_length	2024-11-17 21:43:54.52573+08
13	auth	0003_alter_user_email_max_length	2024-11-17 21:43:54.529728+08
14	auth	0004_alter_user_username_opts	2024-11-17 21:43:54.540728+08
15	auth	0005_alter_user_last_login_null	2024-11-17 21:43:54.548729+08
16	auth	0006_require_contenttypes_0002	2024-11-17 21:43:54.550729+08
17	auth	0007_alter_validators_add_error_messages	2024-11-17 21:43:54.557729+08
18	auth	0008_alter_user_username_max_length	2024-11-17 21:43:54.565729+08
19	auth	0009_alter_user_last_name_max_length	2024-11-17 21:43:54.573731+08
20	auth	0010_alter_group_name_max_length	2024-11-17 21:43:54.586732+08
21	auth	0011_update_proxy_permissions	2024-11-17 21:43:54.59773+08
22	auth	0012_alter_user_first_name_max_length	2024-11-17 21:43:54.605739+08
23	authtoken	0001_initial	2024-11-17 21:43:54.627731+08
24	authtoken	0002_auto_20160226_1747	2024-11-17 21:43:54.65273+08
25	authtoken	0003_tokenproxy	2024-11-17 21:43:54.65573+08
26	authtoken	0004_alter_tokenproxy_options	2024-11-17 21:43:54.659751+08
27	companies	0002_company_is_active	2024-11-17 21:43:54.66873+08
28	companies	0003_alter_company_options_alter_company_logo	2024-11-17 21:43:54.677731+08
29	companies	0004_company_created_at_company_updated_at_and_more	2024-11-17 21:43:54.711731+08
30	companies	0005_alter_company_logo_alter_company_name	2024-11-17 21:43:54.73473+08
31	brokers	0001_initial	2024-11-17 21:43:54.797494+08
32	brokers	0002_broker_password	2024-11-17 21:43:54.80477+08
33	brokers	0003_alter_broker_password	2024-11-17 21:43:54.81177+08
34	brokers	0004_broker_last_login	2024-11-17 21:43:54.819634+08
35	brokers	0005_remove_broker_description_remove_broker_picture	2024-11-17 21:43:54.83363+08
36	brokers	0006_alter_broker_email	2024-11-17 21:43:54.842632+08
37	brokers	0007_alter_broker_username	2024-11-17 21:43:54.85263+08
38	brokers	0008_alter_broker_name	2024-11-17 21:43:54.861633+08
39	brokers	0009_remove_broker_name_broker_first_name_and_more	2024-11-17 21:43:54.893773+08
40	brokers	0010_remove_broker_affiliations	2024-11-17 21:43:54.912282+08
41	brokers	0011_alter_broker_contact_number	2024-11-17 21:43:54.92228+08
42	brokers	0012_alter_broker_password	2024-11-17 21:43:54.929281+08
43	brokers	0013_alter_broker_password	2024-11-17 21:43:54.936283+08
44	brokers	0014_alter_broker_contact_number	2024-11-17 21:43:54.944572+08
45	brokers	0015_alter_broker_email_alter_broker_password	2024-11-17 21:43:54.966953+08
46	brokers	0016_alter_broker_options_broker_is_active_and_more	2024-11-17 21:43:55.016233+08
47	units	0001_initial	2024-11-17 21:43:55.052915+08
48	sites	0001_initial	2024-11-17 21:43:55.075917+08
49	sites	0002_site_delete_building	2024-11-17 21:43:55.114053+08
50	units	0002_unit_delete_units	2024-11-17 21:43:55.166182+08
51	units	0003_alter_unit_status	2024-11-17 21:43:55.174181+08
52	units	0004_unit_price_unit_view	2024-11-17 21:43:55.19118+08
53	customers	0001_initial	2024-11-17 21:43:55.218551+08
54	customers	0002_remove_customer_name_customer_first_name_and_more	2024-11-17 21:43:55.249552+08
55	customers	0003_remove_customer_description_customer_unit	2024-11-17 21:43:55.290554+08
56	customers	0004_rename_unit_customer_units_remove_customer_status_and_more	2024-11-17 21:43:55.330552+08
57	customers	0005_remove_customer_date_sold_remove_customer_units	2024-11-17 21:43:55.352553+08
58	customers	0006_remove_customer_company	2024-11-17 21:43:55.373636+08
59	customers	0007_customer_company	2024-11-17 21:43:55.396738+08
60	developers	0002_developer_password	2024-11-17 21:43:55.411738+08
61	developers	0003_developer_last_login	2024-11-17 21:43:55.42874+08
62	developers	0004_remove_developer_description_and_more	2024-11-17 21:43:55.497739+08
63	developers	0005_alter_developer_email	2024-11-17 21:43:55.518739+08
64	developers	0006_alter_developer_username	2024-11-17 21:43:55.552739+08
65	developers	0007_alter_developer_name	2024-11-17 21:43:55.57674+08
66	developers	0008_remove_developer_name_developer_first_name_and_more	2024-11-17 21:43:55.688739+08
67	developers	0009_alter_developer_options_and_more	2024-11-17 21:43:55.765821+08
68	developers	0010_developer_contact_number	2024-11-17 21:43:55.786907+08
69	developers	0011_alter_developer_contact_number_and_more	2024-11-17 21:43:55.831695+08
70	developers	0012_developer_is_active_developer_is_staff_and_more	2024-11-17 21:43:55.895445+08
71	developers	0013_developer_groups_developer_user_permissions	2024-11-17 21:43:55.958114+08
72	units	0005_alter_unit_status	2024-11-17 21:43:55.971111+08
73	units	0006_remove_unit_location_unit_balcony_unit_commission_and_more	2024-11-17 21:43:56.072957+08
74	units	0007_remove_unit_sold_by_broker	2024-11-17 21:43:56.100957+08
75	sites	0003_site_status	2024-11-17 21:43:56.134956+08
76	sites	0004_site_picture	2024-11-17 21:43:56.154957+08
77	sites	0005_site_created_at_alter_site_picture	2024-11-17 21:43:56.189953+08
78	sales	0001_initial	2024-11-17 21:43:56.231955+08
79	sales	0002_sale_company	2024-11-17 21:43:56.262955+08
80	sales	0003_sale_status	2024-11-17 21:43:56.279956+08
81	sales	0004_alter_sale_status	2024-11-17 21:43:56.300957+08
82	sales	0005_alter_sale_status	2024-11-17 21:43:56.317955+08
83	sales	0006_sale_payment_method_sale_payment_reference_and_more	2024-11-17 21:43:56.409955+08
84	documents	0001_initial	2024-11-17 21:43:56.455957+08
85	documents	0002_documenttype_document_content_type_and_more	2024-11-17 21:43:56.656957+08
86	documents	0003_alter_document_file	2024-11-17 21:43:56.809582+08
87	milestones	0001_initial	2024-11-17 21:43:56.82559+08
88	milestones	0002_milestone_company	2024-11-17 21:43:56.867934+08
89	paysched	0001_initial	2024-11-17 21:43:56.912533+08
90	sales	0006_alter_sale_status	2024-11-17 21:43:57.03553+08
91	sales	0007_merge_20241115_0934	2024-11-17 21:43:57.037533+08
92	sales	0008_alter_sale_status	2024-11-17 21:43:57.067769+08
93	sessions	0001_initial	2024-11-17 21:43:57.081771+08
94	sites	0006_remove_site_affiliations	2024-11-17 21:43:57.114882+08
95	units	0008_remove_unit_affiliations	2024-11-17 21:43:57.148963+08
96	units	0009_rename_title_unit_unit_title_unit_bathroom_and_more	2024-11-17 21:43:57.252963+08
97	units	0010_alter_unit_status	2024-11-17 21:43:57.276965+08
98	units	0011_unitimage	2024-11-17 21:43:57.315966+08
99	units	0012_delete_unitimage	2024-11-17 21:43:57.321964+08
100	units	0013_remove_unit_picture_unitimage	2024-11-17 21:43:57.399987+08
101	units	0013_alter_unit_balcony_alter_unit_status	2024-11-17 21:43:57.445986+08
102	units	0014_merge_20241115_0934	2024-11-17 21:43:57.447987+08
103	brokers	0017_broker_archived	2024-11-18 15:30:49.416147+08
104	salesagreement	0001_initial	2024-11-19 00:13:25.844138+08
105	brokers	0018_alter_broker_username	2024-11-19 00:43:34.588278+08
106	customers	0008_remove_customer_affiliated_link	2024-11-22 21:56:27.586597+08
107	sites	0007_alter_site_description	2024-11-23 14:20:08.180005+08
108	sites	0008_site_archived	2024-11-23 14:32:19.671712+08
109	documents	0004_remove_document_is_verified_remove_document_name_and_more	2024-11-23 18:46:27.036129+08
110	salesdetails	0001_initial	2024-11-23 18:46:27.12113+08
111	salesdetails	0002_salesdetails_site	2024-11-23 18:46:27.15413+08
112	salesdetails	0003_salesdetails_reservation_agreement	2024-11-23 18:46:27.16813+08
113	salesdetails	0004_alter_salesdetails_reservation_agreement	2024-11-23 18:46:27.183128+08
114	sites	0009_remove_site_location_site_barangay_site_city_and_more	2024-11-26 15:42:34.861325+08
115	sites	0010_rename_city_site_municipality	2024-11-26 16:52:00.482429+08
116	milestones	0003_milestone_commission_threshold_and_more	2024-11-29 02:24:39.400483+08
117	sites	0011_site_other_charges_site_reservation_fee_and_more	2024-11-29 02:24:39.590617+08
118	units	0015_unittemplate_remove_unit_quantity_unit_other_charges_and_more	2024-11-29 16:13:32.226109+08
119	units	0016_remove_unit_unit_template	2024-11-29 16:13:32.259565+08
120	units	0017_unit_unit_template	2024-11-29 16:13:32.2967+08
121	units	0018_remove_unittemplate_image	2024-11-29 16:13:32.303871+08
122	units	0019_remove_unit_floor	2024-11-29 16:13:32.340021+08
123	units	0020_unit_floor	2024-11-29 16:19:36.090381+08
124	units	0021_alter_unit_floor	2024-11-29 16:19:36.149578+08
125	units	0022_alter_unit_floor	2024-11-29 16:19:36.196567+08
126	documents	0005_remove_document_documents_d_content_ba3031_idx_and_more	2024-11-29 16:37:00.758325+08
127	documents	0006_alter_document_sales	2024-11-29 16:38:11.754908+08
128	sales	0009_alter_sale_status	2024-11-29 21:59:53.860689+08
129	customers	0009_customer_customer_code	2024-11-30 10:55:18.992687+08
130	customers	0010_alter_customer_customer_code	2024-11-30 10:55:19.012233+08
131	customers	0011_alter_customer_customer_code_and_more	2024-11-30 10:55:19.073354+08
132	brokers	0019_remove_broker_is_active	2024-11-30 15:22:50.740248+08
133	units	0023_unittemplate_company	2024-12-02 16:06:38.815839+08
134	customers	0012_customer_archived	2024-12-03 13:46:29.803095+08
135	sales	0010_alter_sale_date_sold_alter_sale_status	2024-12-03 19:24:35.45422+08
136	sales	0011_sale_commission_alter_sale_date_sold	2024-12-03 21:20:03.316208+08
137	sales	0010_sale_is_archived	2024-12-04 22:58:48.749534+08
138	sales	0012_merge_20241204_2258	2024-12-04 22:58:48.756533+08
139	units	0024_unittype_unit_unit_type_unittemplate_unit_type	2024-12-05 21:16:17.915938+08
140	units	0025_unitimage_primary_unittemplate_last_updated_and_more	2024-12-05 21:32:16.838328+08
141	sites	0012_site_commission	2024-12-06 15:13:07.763136+08
142	sites	0013_site_maximum_months	2024-12-06 16:53:23.48576+08
143	units	0026_alter_unit_balcony_alter_unit_view_and_more	2024-12-07 12:03:28.085525+08
144	units	0024_alter_unit_status	2024-12-07 13:10:40.594615+08
149	units	0028_merge_20241207_1436	2024-12-07 14:36:39.318378+08
150	salesdetails	0005_salesdetails_sales	2024-12-07 15:17:57.891838+08
151	units	0028_merge_20241207_1517	2024-12-07 15:17:57.901826+08
152	units	0029_alter_unitimage_primary	2024-12-07 19:38:17.756825+08
153	units	0028_merge_20241208_0201	2024-12-08 02:01:15.611885+08
154	units	0028_merge_20241208_1002	2024-12-08 10:03:08.989384+08
155	units	0028_merge_20241208_1008	2024-12-08 10:08:39.201988+08
156	units	0030_alter_unittemplate_balcony_alter_unittemplate_view	2024-12-08 10:58:31.093731+08
157	units	0031_unittemplate_relative_id	2024-12-08 11:52:44.176902+08
158	units	0032_unittemplate_is_archived	2024-12-08 12:07:56.600398+08
159	sites	0014_floor_available_units_floor_total_units	2024-12-10 11:30:52.17298+08
161	units	0026_merge_20241205_2204	2024-12-10 11:36:08.727594+08
162	units	0027_merge_20241207_1310	2024-12-10 11:36:08.731736+08
163	units	0026_merge_20241205_2259	2024-12-10 11:36:08.733732+08
164	units	0027_merge_20241205_2305	2024-12-10 11:36:08.735731+08
165	units	0028_merge_20241208_1016	2024-12-10 11:36:08.736733+08
166	documents	0007_documenttype_company	2024-12-10 14:11:27.34249+08
167	units	0033_unittype_company	2024-12-10 17:13:38.308384+08
168	sites	0014_rename_floor_number_floor_number_floor_name_and_more	2024-12-12 18:00:51.861594+08
169	units	0034_rename_floor_unit_section_alter_unit_unit_number_and_more	2024-12-12 18:00:52.016715+08
170	sites	0015_remove_floor_site_section	2024-12-12 18:39:36.597466+08
171	units	0035_alter_unit_section	2024-12-12 18:42:11.04061+08
172	sites	0016_delete_floor	2024-12-12 18:42:11.050609+08
173	sites	0014_alter_site_maximum_months	2024-12-12 19:44:27.914369+08
174	sites	0017_merge_20241212_1944	2024-12-12 19:44:27.920325+08
175	sites	0018_site_numbering_type_site_section_label	2024-12-12 19:46:12.212677+08
176	sites	0019_site_address_alter_site_barangay_and_more	2024-12-12 22:14:57.626348+08
177	sites	0020_alter_site_other_charges_alter_site_reservation_fee_and_more	2024-12-13 17:52:35.401472+08
178	documents	0008_alter_documenttype_name_and_more	2024-12-14 15:13:12.409082+08
179	milestones	0004_alter_milestone_name_and_more	2024-12-14 15:13:12.463849+08
180	units	0036_alter_unittemplate_name_and_more	2024-12-14 15:13:12.51085+08
\.


--
-- TOC entry 5164 (class 0 OID 43037)
-- Dependencies: 258
-- Data for Name: django_session; Type: TABLE DATA; Schema: public; Owner: postgres
--

COPY public.django_session (session_key, session_data, expire_date) FROM stdin;
j1c58k49bfuy6jyg20pnytkba8bpt5we	.eJxVjEEOwiAQRe_C2hAHCliX7j0DGWYGqRpISrsy3l2bdKHb_977LxVxXUpcu8xxYnVWoA6_W0J6SN0A37HemqZWl3lKelP0Tru-NpbnZXf_Dgr28q0TE-bEDCf0ztPRjAHFZnAQnM-cwZsggjaAyePAQGS8FUgDG5M4k3p_AA0eOOM:1tCgc5:Q9CYpDq1JkWjFLHVAlIRNDjR7tXzs_fOSodCeZdGtJE	2024-12-01 22:50:57.004576+08
fdsde3cbuywp79mkg78h5hjijv4ubnnv	.eJxVjEEOwiAQRe_C2hAHCliX7j0DGWYGqRpISrsy3l2bdKHb_977LxVxXUpcu8xxYnVWoA6_W0J6SN0A37HemqZWl3lKelP0Tru-NpbnZXf_Dgr28q0TE-bEDCf0ztPRjAHFZnAQnM-cwZsggjaAyePAQGS8FUgDG5M4k3p_AA0eOOM:1tHmTo:DfVxpHamr26G_PY3H_g1yeMrop7k7whCUWO4QXOroaU	2024-12-16 00:07:28.198949+08
\.


--
-- TOC entry 5157 (class 0 OID 42935)
-- Dependencies: 251
-- Data for Name: documents_document; Type: TABLE DATA; Schema: public; Owner: postgres
--

COPY public.documents_document (id, description, file, company_id, customer_id, uploaded_at, document_type_id, sales_id) FROM stdin;
18		files/SMDC Aloe Vera/CUST-008_CyDelulu/31_Contract.pdf	1	16	2024-12-14 11:29:58.478489+08	1	31
20		files/SMDC Aloe Vera/CUST-009_CyaNEST/34_Contract.pdf	1	22	2024-12-14 11:46:47.520619+08	1	34
19		files/SMDC Aloe Vera/CUST-009_CyaNEST/33_Contract.pdf	1	22	2024-12-14 11:43:58.806244+08	1	33
13		files/SMDC Aloe Vera/CUST-009_CyaNEST/32_Contract.pdf	1	22	2024-12-14 11:23:49.899371+08	1	32
14		files/SMDC Aloe Vera/22_Cya_NEST/Valid_ID_-_1.jpg	1	22	2024-12-14 11:23:49.934186+08	2	32
15		files/SMDC Aloe Vera/22_Cya_NEST/TIN_Number.jpg	1	22	2024-12-14 11:23:49.949011+08	3	32
16		files/SMDC Aloe Vera/22_Cya_NEST/Proof_of_Income.jpg	1	22	2024-12-14 11:23:49.959006+08	4	32
17		files/SMDC Aloe Vera/22_Cya_NEST/Test.jpg	1	22	2024-12-14 11:23:49.979256+08	7	32
21		files/SMDC Aloe Vera/CUST-006_Ligo555Tuna/30_Contract.pdf	1	14	2024-12-14 14:19:14.889671+08	1	30
22		files/SMDCAloeVera/CUST-006_Ligo555Tuna/30_TIN_Number.pdf	1	14	2024-12-14 14:38:10.347077+08	3	30
23		files/SMDCAloeVera/CUST-009_CyaNEST/34_TIN_Number.pdf	1	22	2024-12-14 14:45:49.01356+08	3	34
24		files/SMDCAloeVera/CUST-009_CyaNEST/33_TINNumber.pdf	1	22	2024-12-14 14:46:45.421189+08	3	33
\.


--
-- TOC entry 5159 (class 0 OID 42953)
-- Dependencies: 253
-- Data for Name: documents_documenttype; Type: TABLE DATA; Schema: public; Owner: postgres
--

COPY public.documents_documenttype (id, name, description, company_id) FROM stdin;
8	Valid ID 1		2
10	Proof Of Income		2
11	Birth Certificate		2
9	Valid ID 2		2
12	Valid ID 3		2
7	New		1
3	TIN Number		1
2	Valid ID - 1	This is test test	1
14	Yehey		1
15	yeheytest		1
1	Contract		1
4	Proof of Income		1
13	Valid	test	1
16	yehey	bago	1
\.


--
-- TOC entry 5161 (class 0 OID 43002)
-- Dependencies: 255
-- Data for Name: milestones_milestone; Type: TABLE DATA; Schema: public; Owner: postgres
--

COPY public.milestones_milestone (id, name, description, reward, type, created_at, company_id, commission_threshold, sales_threshold) FROM stdin;
2	First 100k!	u have made ur first 100K in commissions	50,000	commission	2024-11-29 16:47:03.424857+08	1	100000.00	\N
7	Reach 1 Sale	Have 1 Sale as officially 'Sold'	50000	sales	2024-12-10 14:12:55.293418+08	2	\N	1
8	1 Million Commission!	Reach 1 million in total commissions earned	50000	commission	2024-12-10 14:13:22.764338+08	2	1000000.00	\N
9	Reach 3 Sales	Have 3 Sales as officially 'Sold'	100000	sales	2024-12-10 14:13:51.391703+08	2	\N	3
10	Reach 100k		Test	commission	2024-12-13 14:11:03.661789+08	2	100.00	\N
11	5 SALES!	test	500k	sales	2024-12-14 15:25:31.946866+08	1	\N	5
6	500k!	Conrgats	Mapanaginipan Siya	commission	2024-12-08 15:28:00.375794+08	1	500000.00	\N
4	Ey		lulu	commission	2024-11-30 17:27:46.759688+08	1	5999999.00	\N
1	First Sale	u have made ur first sale!!! hehh	50,000	sales	2024-11-29 16:46:23.962845+08	1	\N	1
12	nice	u made 500	test	commission	2024-12-14 15:49:14.30754+08	1	500.00	\N
13	test	55	55	sales	2024-12-14 17:11:48.834298+08	1	\N	55
\.


--
-- TOC entry 5163 (class 0 OID 43020)
-- Dependencies: 257
-- Data for Name: paysched_paymentschedule; Type: TABLE DATA; Schema: public; Owner: postgres
--

COPY public.paysched_paymentschedule (id, title, company_id, unit_id) FROM stdin;
\.


--
-- TOC entry 5155 (class 0 OID 42895)
-- Dependencies: 249
-- Data for Name: sales_sale; Type: TABLE DATA; Schema: public; Owner: postgres
--

COPY public.sales_sale (id, date_sold, broker_id, customer_id, site_id, unit_id, company_id, status, payment_method, payment_reference, reservation_fee, reservation_file, commission, is_archived) FROM stdin;
33	2024-12-13	5	22	57	782	1	Sold	cash	\N	100000.00	78fee444f49d95f1e5b1e65b6e7a636e-230981994.jpg	200000.00	f
34	2024-12-13	5	22	57	783	1	Pending Reservation	cash	\N	50000.00	78fee444f49d95f1e5b1e65b6e7a636e-230981994.jpg	0.00	f
30	2024-12-13	5	14	56	722	1	Sold	cash	\N	50000.00	dmci_logo_2019_05_21_16_21_04-3989798740.jpg	200000.00	f
32	2024-12-13	5	22	56	724	1	Sold	online_payment	4324	60000.00	dmci-homes-expands-mulberry-place-condo-in-acacia-estates-taguig-1678695511815-3895003898.jpg	200000.00	f
31	2024-12-13	5	16	56	755	1	Sold	cash	\N	50000.00	dmci-homes-completes-10-condo-buildings-in-1h-of-2019-1561636265560-1100926175.jpg	0.00	f
35	2024-12-14	5	23	53	677	1	Sold	cash	\N	2313131.00	List-of-Companies-Updated-2024.pdf	0.00	f
\.


--
-- TOC entry 5168 (class 0 OID 43077)
-- Dependencies: 262
-- Data for Name: salesagreement_salesagreement; Type: TABLE DATA; Schema: public; Owner: postgres
--

COPY public.salesagreement_salesagreement (id, customer_name, customer_email, unit_title, site_name, unit_price, payment_plan, spot_discount, net_unit_price, other_charges, total_amount_payable, reservation_fee, net_full_payment, spot_downpayment, spread_downpayment, payable_months, payable_per_month, balance_upon_turnover, created_at, uuid) FROM stdin;
\.


--
-- TOC entry 5170 (class 0 OID 43091)
-- Dependencies: 264
-- Data for Name: salesdetails_salesdetails; Type: TABLE DATA; Schema: public; Owner: postgres
--

COPY public.salesdetails_salesdetails (id, payment_plan, spot_discount_percent, tlp_discount_percent, other_charges_percent, spot_downpayment_percent, reservation_fee, spread_downpayment_percent, payable_months, payable_per_month, balance_upon_turnover, net_unit_price, total_amount_payable, net_full_payment, created_at, uuid, broker_id, customer_id, unit_id, site_id, reservation_agreement, sales_id) FROM stdin;
5	Spot Cash	10.00	10.00	0.00	0.00	30000.00	0.00	24	-1250.00	5443200.00	4860000.00	5443200.00	4830000.00	2024-12-13 14:45:28.522417+08	b7ebea6d-cfa8-4a20-82cf-0860893d7540	5	22	782	57	reservations/MAZE TO DO.png	33
6	Deffered Payment	10.00	10.00	0.00	50.00	30000.00	10.00	24	22680.00	2177280.00	4860000.00	5443200.00	4830000.00	2024-12-13 18:00:39.704312+08	660ce4f7-755b-41e8-b2ee-c04b1df6adc8	5	22	783	57	reservations/maxresdefault-1373398569.jpg	34
7	Spot Cash	0.00	0.00	0.00	0.00	30000.00	0.00	24	0.00	6720000.00	6000000.00	6720000.00	5970000.00	2024-12-14 14:30:45.056163+08	0207fb5f-9087-4513-ba21-f3eac710177e	5	22	724	56	reservations/List-of-Companies-Updated-2024_jRxGRbk.pdf	32
8	Spot Cash	0.00	0.00	0.00	50.00	30000.00	10.00	24	28000.00	2688000.00	6000000.00	6720000.00	5970000.00	2024-12-14 14:32:30.496342+08	72b53622-033e-4a92-872d-65496c0638cb	5	16	755	56	reservations/List-of-Companies-Updated-2024_xJSy88N.pdf	31
9	Spot Cash	0.00	0.00	0.00	0.00	30000.00	0.00	24	-1250.00	6222221.60	5555555.00	6222221.60	5525555.00	2024-12-14 14:42:09.273294+08	a3e2a807-c431-480d-b05b-c2fd7e20799b	5	23	677	53	reservations/List-of-Companies-Updated-2024_L93XMZo.pdf	35
\.


--
-- TOC entry 5176 (class 0 OID 51347)
-- Dependencies: 270
-- Data for Name: sites_section; Type: TABLE DATA; Schema: public; Owner: postgres
--

COPY public.sites_section (id, name, number, site_id) FROM stdin;
161	1	1	48
162	2	2	48
163	3	3	48
164	4	4	48
165	5	5	48
166	6	6	48
167	7	7	48
168	8	8	48
169	9	9	48
170	10	10	48
171	11	11	48
172	12	12	48
173	13	13	48
174	14	14	48
175	15	15	48
16	1	1	38
17	2	2	38
18	3	3	38
19	4	4	38
20	5	5	38
21	6	6	38
22	7	7	38
23	8	8	38
24	9	9	38
25	10	10	38
26	11	11	38
27	12	12	38
28	13	13	38
29	14	14	38
30	15	15	38
31	1	1	39
32	2	2	39
33	3	3	39
34	4	4	39
35	5	5	39
36	6	6	39
37	7	7	39
38	8	8	39
39	9	9	39
40	10	10	39
41	11	11	39
42	12	12	39
43	13	13	39
44	14	14	39
45	15	15	39
176	16	16	48
177	17	17	48
178	18	18	48
179	19	19	48
180	20	20	48
771	21	21	48
772	22	22	48
773	23	23	48
774	24	24	48
775	25	25	48
776	26	26	48
777	27	27	48
778	28	28	48
779	29	29	48
780	30	30	48
781	31	31	48
782	32	32	48
783	33	33	48
784	34	34	48
785	35	35	48
786	36	36	48
787	37	37	48
788	38	38	48
789	39	39	48
790	40	40	48
791	1	1	52
792	2	2	52
793	3	3	52
794	4	4	52
795	5	5	52
796	6	6	52
797	7	7	52
798	8	8	52
799	9	9	52
800	10	10	52
801	11	11	52
802	12	12	52
803	13	13	52
804	14	14	52
805	15	15	52
806	16	16	52
807	17	17	52
808	18	18	52
809	19	19	52
810	20	20	52
811	1	1	1
812	2	2	1
813	3	3	1
814	4	4	1
815	5	5	1
816	21	21	52
817	22	22	52
818	23	23	52
819	24	24	52
820	25	25	52
101	1	1	44
102	2	2	44
103	3	3	44
104	4	4	44
105	5	5	44
106	6	6	44
107	7	7	44
108	8	8	44
109	9	9	44
110	10	10	44
111	11	11	44
112	12	12	44
113	13	13	44
114	14	14	44
115	15	15	44
116	1	1	45
117	2	2	45
118	3	3	45
119	4	4	45
120	5	5	45
121	6	6	45
122	7	7	45
123	8	8	45
124	9	9	45
125	10	10	45
126	11	11	45
127	12	12	45
128	13	13	45
129	14	14	45
130	15	15	45
131	1	1	46
132	2	2	46
133	3	3	46
134	4	4	46
135	5	5	46
136	6	6	46
137	7	7	46
138	8	8	46
139	9	9	46
140	10	10	46
141	11	11	46
142	12	12	46
143	13	13	46
144	14	14	46
145	15	15	46
821	1	1	10
822	2	2	10
823	3	3	10
824	4	4	10
825	5	5	10
826	6	6	10
827	7	7	10
828	8	8	10
829	9	9	10
830	10	10	10
831	41	41	48
832	42	42	48
833	43	43	48
834	44	44	48
835	45	45	48
836	46	46	48
837	47	47	48
838	26	26	52
839	27	27	52
840	28	28	52
841	29	29	52
842	30	30	52
843	A	1	53
844	B	2	53
845	C	3	53
846	D	4	53
847	E	5	53
848	F	6	53
849	G	7	53
850	H	8	53
851	I	9	53
852	J	10	53
853	K	11	53
854	L	12	53
855	M	13	53
856	N	14	53
857	O	15	53
858	A	1	54
859	B	2	54
860	C	3	54
861	D	4	54
862	E	5	54
863	F	6	54
864	G	7	54
865	H	8	54
866	I	9	54
867	J	10	54
868	K	11	54
869	L	12	54
870	M	13	54
871	N	14	54
872	O	15	54
873	P	16	53
874	Q	17	53
875	R	18	53
876	S	19	53
877	T	20	53
878	A	1	55
879	B	2	55
880	C	3	55
881	D	4	55
882	E	5	55
883	F	6	55
884	G	7	55
885	H	8	55
886	I	9	55
887	J	10	55
888	K	11	55
889	L	12	55
890	M	13	55
891	N	14	55
892	O	15	55
893	1	1	56
894	2	2	56
895	3	3	56
896	4	4	56
897	5	5	56
898	6	6	56
899	7	7	56
900	8	8	56
901	9	9	56
902	10	10	56
903	11	11	56
904	12	12	56
905	13	13	56
906	14	14	56
907	15	15	56
908	1	1	36
909	2	2	36
910	3	3	36
911	4	4	36
912	5	5	36
913	6	6	36
914	7	7	36
915	8	8	36
916	9	9	36
917	10	10	36
918	1	1	57
919	2	2	57
920	3	3	57
921	4	4	57
922	5	5	57
923	6	6	57
924	7	7	57
925	8	8	57
926	9	9	57
927	10	10	57
928	11	11	57
929	12	12	57
930	13	13	57
931	14	14	57
932	15	15	57
933	1	1	58
934	2	2	58
935	3	3	58
936	4	4	58
937	5	5	58
938	6	6	58
939	7	7	58
940	8	8	58
941	9	9	58
942	10	10	58
943	11	11	58
944	12	12	58
945	13	13	58
946	14	14	58
947	15	15	58
948	1	1	59
949	2	2	59
950	3	3	59
951	4	4	59
952	5	5	59
953	A	1	60
954	B	2	60
955	C	3	60
956	D	4	60
957	E	5	60
958	F	6	60
959	G	7	60
960	H	8	60
961	I	9	60
962	J	10	60
963	K	11	60
964	L	12	60
965	M	13	60
966	N	14	60
967	O	15	60
968	1	1	61
969	2	2	61
970	3	3	61
971	4	4	61
972	5	5	61
973	6	6	61
974	7	7	61
975	8	8	61
976	9	9	61
977	10	10	61
978	11	11	61
979	12	12	61
980	13	13	61
981	14	14	61
982	15	15	61
983	31	31	52
984	32	32	52
985	33	33	52
986	34	34	52
987	35	35	52
988	A	1	62
989	B	2	62
990	C	3	62
991	D	4	62
992	E	5	62
\.


--
-- TOC entry 5145 (class 0 OID 42695)
-- Dependencies: 239
-- Data for Name: sites_site; Type: TABLE DATA; Schema: public; Owner: postgres
--

COPY public.sites_site (id, name, description, company_id, status, picture, created_at, archived, barangay, municipality, postal_code, province, region, other_charges, reservation_fee, spot_discount_flat, spot_discount_percentage, vat_percentage, commission, maximum_months, numbering_type, section_label, address) FROM stdin;
8	delete	hahaaa	1	preselling	photos/SMDC_Aloe_Vera/sites/delete/delete_logo.jpeg	2024-11-26 23:35:40.332691+08	f	BUALAN	BARIRA	\N	MAGUINDANAO	BARMM	\N	\N	\N	\N	12.00	\N	360	numeric	floor	\N
25	el el el el		1	preselling	photos/SMDC_Aloe_Vera/sites/el_el_el_el/el_el_el_el_logo.jpg	2024-12-07 23:55:46.249338+08	f	ALABANG	CITY OF MUNTINLUPA	null	NATIONAL CAPITAL REGION - FOURTH DISTRICT	NCR	\N	50000.00	\N	\N	12.00	200000.00	240	numeric	floor	null
7	hehe		1	preselling		2024-11-26 20:23:45.630991+08	t	BANBAN	CONNER	\N	APAYAO	CAR	\N	\N	\N	\N	12.00	\N	360	numeric	floor	\N
27	Roblox		1	ongoing	photos/SMDC_Aloe_Vera/sites/Roblox/Roblox_logo.jpg	2024-12-10 10:49:13.246589+08	f	ALMANZA UNO	CITY OF LAS PIAS	\N	NATIONAL CAPITAL REGION - FOURTH DISTRICT	NCR	\N	50000.00	\N	\N	12.00	200000.00	240	numeric	floor	\N
28	jew		1	preselling	photos/SMDC_Aloe_Vera/sites/jew/jew_logo.jpg	2024-12-10 10:50:24.717714+08	f	BAO-YAN	BOLINEY	null	ABRA	CAR	\N	50000.00	\N	\N	12.00	200000.00	240	numeric	floor	null
56	xdxdxd		1	preselling		2024-12-13 13:55:42.46208+08	f	CALIKING	ATOK	0	BENGUET	CAR	\N	50000.00	\N	\N	12.00	200000.00	24	numeric	unit	
21	TWICE HQ		1	preselling	photos/SMDC_Aloe_Vera/sites/TWICE_HQ/TWICE_HQ_logo.jpg	2024-12-07 16:09:10.810762+08	f	PAMPLONA UNO	CITY OF LAS PIAS	\N	NATIONAL CAPITAL REGION - FOURTH DISTRICT	NCR	\N	300000.00	\N	\N	12.00	50000.00	30	numeric	floor	\N
38	Elabyu		1	preselling		2024-12-12 21:24:45.672724+08	f	AMILONGAN	ALILEM	\N	ILOCOS SUR	01	\N	50000.00	\N	\N	12.00	200000.00	24	numeric	floor	\N
39	DMCI Lorena		1	preselling	photos/SMDC_Aloe_Vera/sites/DMCI_Lorena/DMCI_Lorena_logo.jpg	2024-12-12 21:49:02.803256+08	f	BAMBANG	TAGUIG	\N	TAGUIG - PATEROS	NCR	\N	50000.00	\N	\N	12.00	200000.00	24	numeric	floor	\N
23	El Motibasyon Ko Matapos To TY SAYO		1	preselling	photos/SMDC_Aloe_Vera/sites/El_Motibasyon_Ko_Matapos_To_TY_SAYO/El_Motibasyon_Ko_Matapos_0LXxv4R.jpg	2024-12-07 23:41:04.413725+08	f	BUTON	HADJI MOHAMMAD AJUL	\N	BASILAN	BARMM	\N	\N	\N	\N	12.00	500000.00	300	numeric	floor	\N
2	Al Wing B	test	1	preselling	photos/SMDC_Aloe_Vera/sites/Al_Wing_B/Al_Wing_B_logo.jpg	2024-11-17 21:46:33.034329+08	f	BARANGAY 287	BINONDO	null	NATIONAL CAPITAL REGION - MANILA	NCR	\N	\N	\N	\N	12.00	50.00	360	numeric	floor	null
22	Jihyo Tower		1	preselling	photos/SMDC_Aloe_Vera/sites/Jihyo_Tower/Jihyo_Tower_logo.jpg	2024-12-07 21:51:25.131124+08	f	NORTH SIGNAL VILLAGE	TAGUIG	\N	TAGUIG - PATEROS	NCR	\N	\N	\N	\N	12.00	50.00	30	numeric	floor	\N
4	SMDC Wing B		1	preselling		2024-11-17 22:52:24.198664+08	f	CADDAYAN	AKBAR	\N	BASILAN	BARMM	\N	\N	\N	\N	12.00	\N	360	numeric	floor	\N
46	12321		1	sold_out		2024-12-12 22:34:07.814539+08	t	BARANGAY 659-A	ERMITA	undefined	NATIONAL CAPITAL REGION - MANILA	NCR	\N	50000.00	\N	\N	12.00	200000.00	24	numeric	floor	haha
34	DMCI Monte		2	preselling	photos/DMCI/sites/DMCI_Monte/DMCI_Monte_logo_E2W8o3f.jpg	2024-12-10 14:00:46.605284+08	f	BAGONG SILANG	CITY OF MANDALUYONG	\N	NATIONAL CAPITAL REGION - SECOND DISTRICT	NCR	\N	50000.00	\N	\N	12.00	200000.00	240	numeric	floor	\N
33	DMCI Rosario		2	ongoing	photos/DMCI/sites/DMCI_Rosario/DMCI_Rosario_logo_Y0WM53L.jpg	2024-12-10 13:43:08.721443+08	f	KAPITOLYO	CITY OF PASIG	\N	NATIONAL CAPITAL REGION - SECOND DISTRICT	NCR	\N	50000.00	\N	\N	12.00	200000.00	240	numeric	floor	\N
54	delete mo12211		1	sold_out		2024-12-13 12:20:12.646729+08	f	BARANGAY 655	INTRAMUROS	0	NATIONAL CAPITAL REGION - MANILA	NCR	\N	50000.00	\N	\N	12.00	200000.00	24	alphabetic	block	
30	cyrusnowy		1	ongoing		2024-12-10 12:32:45.364412+08	f	ALLANGIGAN	CONNER	\N	APAYAO	CAR	\N	50000.00	\N	\N	12.00	200000.00	240	numeric	floor	\N
11	hehe	No description provided	1	preselling		2024-12-02 00:07:42.701163+08	t	1	44	\N	3	5	\N	\N	\N	\N	12.00	\N	360	numeric	floor	\N
37	El Ganda		1	preselling	photos/SMDC_Aloe_Vera/sites/El_Ganda/El_Ganda_logo_7Z95q7X.jpg	2024-12-12 19:53:16.515162+08	f	PAMPLONA UNO	CITY OF LAS PIAS	3	NATIONAL CAPITAL REGION - FOURTH DISTRICT	NCR	\N	50000.00	\N	\N	12.00	200000.00	24	numeric	floor	
24	Crush Kita El		1	preselling	photos/SMDC_Aloe_Vera/sites/Crush_Kita_El/Crush_Kita_El_logo_1KPEZRY.jpg	2024-12-07 23:52:28.987021+08	f	BARANGAY 659-A	ERMITA	123	NATIONAL CAPITAL REGION - MANILA	NCR	\N	\N	\N	\N	12.00	500000.00	240	numeric	floor	null
44	test		1	preselling		2024-12-12 22:30:52.324256+08	f	KAKAL	AMPATUAN	0	MAGUINDANAO	BARMM	\N	50000.00	\N	\N	12.00	200000.00	24	numeric	floor	\N
3	SMDC Wing A		1	preselling		2024-11-17 22:52:15.104565+08	f	1	1	\N	2	3	\N	\N	\N	\N	12.00	\N	360	numeric	floor	\N
45	xd		1	ongoing		2024-12-12 22:32:55.210334+08	f	A. BONIFACIO-CAGUIOA-RIMANDO (ABCR)	BAGUIO CITY	0	BENGUET	CAR	\N	50000.00	\N	\N	12.00	200000.00	24	numeric	floor	test
55	Tester		2	preselling	photos/DMCI/sites/Tester/Tester.jpg	2024-12-13 13:30:50.236495+08	f	CALUMPANG	CITY OF MARIKINA	0	NATIONAL CAPITAL REGION - SECOND DISTRICT	NCR	\N	50000.00	\N	\N	12.00	200000.00	24	alphabetic	block	
52	12312321		1	preselling		2024-12-13 02:17:39.836281+08	f	BANDARA-INGUD	AMAI MANABILANG (BUMBARAN)	0	LANAO DEL SUR	BARMM	\N	50000.00	\N	\N	12.00	200000.00	24	numeric	floor	null
47	givemelakas		1	preselling	photos/SMDC_Aloe_Vera/sites/givemelakas/givemelakas_logo.jpg	2024-12-12 22:40:49.37466+08	f	AMDUNTOG	ASIPULO	123	IFUGAO	CAR	\N	50000.00	\N	\N	12.00	200000.00	24	numeric	floor	yo!
48	El Cagz		1	ongoing		2024-12-13 01:41:30.818996+08	f	ACACIA	MALABON CITY	0	NATIONAL CAPITAL REGION - THIRD DISTRICT	NCR	\N	50000.00	\N	\N	12.00	200000.00	24	alphabetic	floor	null
1	Al Wing A	testtest	1	preselling	photos/SMDCAloeVera/sites/AlWingA/AlWingA.jpg	2024-11-17 21:46:17.512385+08	f	BARANGAY 287	BINONDO	null	NATIONAL CAPITAL REGION - MANILA	NCR	\N	\N	\N	\N	12.00	50000.00	360	numeric	floor	null
57	hehyeyhey		1	preselling		2024-12-13 14:43:41.083154+08	f	ANGAD	BANGUED	0	ABRA	CAR	\N	50000.00	10.00	10.00	12.00	200000.00	24	numeric	floor	
36	DMCI Losanto		2	preselling	photos/DMCI/sites/DMCI_Losanto/DMCI_Losanto_logo_0meCUIl.jpg	2024-12-11 01:52:50.085988+08	f	BARANGAY 269	SAN NICOLAS	null	NATIONAL CAPITAL REGION - MANILA	NCR	\N	50000.00	\N	\N	12.00	200000.00	240	numeric	floor	
58	new		1	preselling		2024-12-13 17:39:54.537023+08	f	CALUMPANG	CITY OF MARIKINA	0	NATIONAL CAPITAL REGION - SECOND DISTRICT	NCR	\N	50000.00	\N	\N	12.00	200000.00	24	numeric	floor	
59	NEWNEW		1	preselling		2024-12-13 17:56:29.348252+08	f	BAGONG KATIPUNAN	CITY OF PASIG	0	NATIONAL CAPITAL REGION - SECOND DISTRICT	NCR	\N	50000.00	\N	\N	12.00	200000.00	24	numeric	floor	
10	22test		1	preselling	photos/SMDCAloeVera/sites/22test/22test.png	2024-12-01 18:35:28.870415+08	f	CADACLAN	CALANASAN (BAYAG)	null	APAYAO	CAR	\N	\N	\N	\N	12.00	50.00	300	numeric	floor	null
60	Ikaw Na Nga		1	preselling	photos/SMDCAloeVera/sites/IkawNaNga/IkawNaNga.png	2024-12-14 12:17:50.199543+08	f	ABANG	BUCAY	1700	ABRA	CAR	\N	50000.00	\N	\N	12.00	200000.00	24	alphabetic	block	sa puso nya
61	yehey		1	preselling		2024-12-14 12:27:22.7284+08	f	ANGAD	BANGUED	0	ABRA	CAR	\N	50000.00	\N	\N	12.00	200000.00	24	numeric	floor	
62	bagoong		1	preselling		2024-12-14 14:18:11.237458+08	f	BAO-YAN	BOLINEY	0	ABRA	CAR	\N	50000.00	\N	\N	12.00	200000.00	24	alphabetic	block	
53	123 Umbrella		1	preselling	photos/SMDCAloeVera/sites/123Umbrella/123Umbrella.png	2024-12-13 11:48:24.161368+08	f	BARANGAY 288	BINONDO	0	NATIONAL CAPITAL REGION - MANILA	NCR	\N	50000.00	\N	\N	12.00	200000.00	24	alphabetic	unit	
\.


--
-- TOC entry 5147 (class 0 OID 42729)
-- Dependencies: 241
-- Data for Name: units_unit; Type: TABLE DATA; Schema: public; Owner: postgres
--

COPY public.units_unit (id, unit_title, floor_area, lot_area, status, company_id, site_id, price, view, balcony, commission, bathroom, bedroom, other_charges, reservation_fee, spot_discount_flat, spot_discount_percentage, unit_number, vat_percentage, unit_template_id, section_id, unit_type_id) FROM stdin;
674	Studio Deluxe - 1-001	5.00	5.00	Available	1	48	5.00	\N	\N	5.00	1	1	\N	50000.00	\N	\N	1-001	12.00	\N	161	3
676	Loft - B-002	5.00	5.00	Available	1	53	5555555.00	null	no balcony	200000.00	1	1	\N	50000.00	\N	\N	B-002	12.00	\N	844	8
679	Loft - C-002	5.00	5.00	Available	1	53	5555555.00	null	no balcony	200000.00	1	1	\N	50000.00	\N	\N	C-002	12.00	\N	845	8
680	Loft - C-003	5.00	5.00	Available	1	53	5555555.00	null	no balcony	200000.00	1	1	\N	50000.00	\N	\N	C-003	12.00	\N	845	8
681	3 Bedroom - B-004	5.00	5.00	Available	1	53	5555555.00	null	no balcony	200000.00	1	1	\N	50000.00	\N	\N	B-004	12.00	\N	844	6
682	3 Bedroom - B-005	5.00	5.00	Available	1	53	5555555.00	null	no balcony	200000.00	1	1	\N	50000.00	\N	\N	B-005	12.00	\N	844	6
683	3 Bedroom - B-006	5.00	5.00	Available	1	53	5555555.00	null	no balcony	200000.00	1	1	\N	50000.00	\N	\N	B-006	12.00	\N	844	6
684	Studio - 26-001	5.00	5.00	Available	1	53	5.00	\N	\N	5.00	1	1	\N	50000.00	\N	\N	26-001	12.00	\N	838	1
685	Studio - M-001	5.00	5.00	Available	2	55	5000000.00	null	no balcony	200000.00	1	1	\N	50000.00	\N	\N	M-001	12.00	\N	890	1
686	Studio - M-002	5.00	5.00	Available	2	55	5000000.00	null	no balcony	200000.00	1	1	\N	50000.00	\N	\N	M-002	12.00	\N	890	1
687	Studio - M-003	5.00	5.00	Available	2	55	5000000.00	null	no balcony	200000.00	1	1	\N	50000.00	\N	\N	M-003	12.00	\N	890	1
688	Studio - M-004	5.00	5.00	Available	2	55	5000000.00	null	no balcony	200000.00	1	1	\N	50000.00	\N	\N	M-004	12.00	\N	890	1
689	Studio - M-005	5.00	5.00	Available	2	55	5000000.00	null	no balcony	200000.00	1	1	\N	50000.00	\N	\N	M-005	12.00	\N	890	1
690	Studio - N-001	5.00	5.00	Available	2	55	5000000.00	null	no balcony	200000.00	1	1	\N	50000.00	\N	\N	N-001	12.00	\N	891	1
691	Studio - N-002	5.00	5.00	Available	2	55	5000000.00	null	no balcony	200000.00	1	1	\N	50000.00	\N	\N	N-002	12.00	\N	891	1
692	Studio - N-003	5.00	5.00	Available	2	55	5000000.00	null	no balcony	200000.00	1	1	\N	50000.00	\N	\N	N-003	12.00	\N	891	1
693	Studio - N-004	5.00	5.00	Available	2	55	5000000.00	null	no balcony	200000.00	1	1	\N	50000.00	\N	\N	N-004	12.00	\N	891	1
694	Studio - N-005	5.00	5.00	Available	2	55	5000000.00	null	no balcony	200000.00	1	1	\N	50000.00	\N	\N	N-005	12.00	\N	891	1
695	Studio - O-001	5.00	5.00	Available	2	55	5000000.00	null	no balcony	200000.00	1	1	\N	50000.00	\N	\N	O-001	12.00	\N	892	1
696	Studio - O-002	5.00	5.00	Available	2	55	5000000.00	null	no balcony	200000.00	1	1	\N	50000.00	\N	\N	O-002	12.00	\N	892	1
697	Studio - O-003	5.00	5.00	Available	2	55	5000000.00	null	no balcony	200000.00	1	1	\N	50000.00	\N	\N	O-003	12.00	\N	892	1
698	Studio - O-004	5.00	5.00	Available	2	55	5000000.00	null	no balcony	200000.00	1	1	\N	50000.00	\N	\N	O-004	12.00	\N	892	1
699	Studio - O-005	5.00	5.00	Available	2	55	5000000.00	null	no balcony	200000.00	1	1	\N	50000.00	\N	\N	O-005	12.00	\N	892	1
701	haha - B-008	5.00	5.00	Available	1	53	5.00	null	no balcony	200000.00	1	1	\N	50000.00	\N	\N	B-008	12.00	\N	844	10
702	haha - B-009	5.00	5.00	Available	1	53	5.00	null	no balcony	200000.00	1	1	\N	50000.00	\N	\N	B-009	12.00	\N	844	10
703	haha - B-010	5.00	5.00	Available	1	53	5.00	null	no balcony	200000.00	1	1	\N	50000.00	\N	\N	B-010	12.00	\N	844	10
704	haha - B-011	5.00	5.00	Available	1	53	5.00	null	no balcony	200000.00	1	1	\N	50000.00	\N	\N	B-011	12.00	\N	844	10
705	haha - B-012	5.00	5.00	Available	1	53	5.00	null	no balcony	200000.00	1	1	\N	50000.00	\N	\N	B-012	12.00	\N	844	10
706	haha - B-013	5.00	5.00	Available	1	53	5.00	null	no balcony	200000.00	1	1	\N	50000.00	\N	\N	B-013	12.00	\N	844	10
707	haha - B-014	5.00	5.00	Available	1	53	5.00	null	no balcony	200000.00	1	1	\N	50000.00	\N	\N	B-014	12.00	\N	844	10
708	haha - B-015	5.00	5.00	Available	1	53	5.00	null	no balcony	200000.00	1	1	\N	50000.00	\N	\N	B-015	12.00	\N	844	10
709	haha - B-016	5.00	5.00	Available	1	53	5.00	null	no balcony	200000.00	1	1	\N	50000.00	\N	\N	B-016	12.00	\N	844	10
710	haha - B-017	5.00	5.00	Available	1	53	5.00	null	no balcony	200000.00	1	1	\N	50000.00	\N	\N	B-017	12.00	\N	844	10
711	haha - B-018	5.00	5.00	Available	1	53	5.00	null	no balcony	200000.00	1	1	\N	50000.00	\N	\N	B-018	12.00	\N	844	10
712	haha - B-019	5.00	5.00	Available	1	53	5.00	null	no balcony	200000.00	1	1	\N	50000.00	\N	\N	B-019	12.00	\N	844	10
713	haha - B-020	5.00	5.00	Available	1	53	5.00	null	no balcony	200000.00	1	1	\N	50000.00	\N	\N	B-020	12.00	\N	844	10
714	haha - B-021	5.00	5.00	Available	1	53	5.00	null	no balcony	200000.00	1	1	\N	50000.00	\N	\N	B-021	12.00	\N	844	10
715	haha - B-022	5.00	5.00	Available	1	53	5.00	null	no balcony	200000.00	1	1	\N	50000.00	\N	\N	B-022	12.00	\N	844	10
716	haha - B-023	5.00	5.00	Available	1	53	5.00	null	no balcony	200000.00	1	1	\N	50000.00	\N	\N	B-023	12.00	\N	844	10
717	haha - B-024	5.00	5.00	Available	1	53	5.00	null	no balcony	200000.00	1	1	\N	50000.00	\N	\N	B-024	12.00	\N	844	10
718	haha - B-025	5.00	5.00	Available	1	53	5.00	null	no balcony	200000.00	1	1	\N	50000.00	\N	\N	B-025	12.00	\N	844	10
719	haha - B-026	5.00	5.00	Available	1	53	5.00	null	no balcony	200000.00	1	1	\N	50000.00	\N	\N	B-026	12.00	\N	844	10
720	3 Bedroom - 12-001	5.00	5.00	Available	1	56	555555555.00	null	no balcony	200000.00	1	3	\N	50000.00	\N	\N	12-001	12.00	\N	904	6
678	Loft - C-001	5.00	5.00	Available	1	53	5555555.00	null	no balcony	200000.00	1	1	\N	50000.00	\N	\N	C-001	12.00	\N	845	8
675	Loft - B-001	5.00	5.00	Available	1	53	5555555.00	null	no balcony	200000.00	1	1	\N	50000.00	\N	\N	B-001	12.00	\N	844	8
700	haha - B-007	5.00	5.00	Available	1	53	5.00	null	has balcony	200000.00	1	1	\N	50000.00	\N	\N	B-007	12.00	\N	844	10
721	3 Bedroom - 12-002	5.00	5.00	Available	1	56	555555555.00	null	no balcony	200000.00	1	3	\N	50000.00	\N	\N	12-002	12.00	\N	904	6
723	3 Bedroom - 12-004	5.00	5.00	Available	1	56	555555555.00	null	no balcony	200000.00	1	3	\N	50000.00	\N	\N	12-004	12.00	\N	904	6
725	3 Bedroom - 12-006	5.00	5.00	Available	1	56	555555555.00	null	no balcony	200000.00	1	3	\N	50000.00	\N	\N	12-006	12.00	\N	904	6
726	3 Bedroom - 12-007	5.00	5.00	Available	1	56	555555555.00	null	no balcony	200000.00	1	3	\N	50000.00	\N	\N	12-007	12.00	\N	904	6
727	3 Bedroom - 12-008	5.00	5.00	Available	1	56	555555555.00	null	no balcony	200000.00	1	3	\N	50000.00	\N	\N	12-008	12.00	\N	904	6
728	3 Bedroom - 12-009	5.00	5.00	Available	1	56	555555555.00	null	no balcony	200000.00	1	3	\N	50000.00	\N	\N	12-009	12.00	\N	904	6
729	3 Bedroom - 12-010	5.00	5.00	Available	1	56	555555555.00	null	no balcony	200000.00	1	3	\N	50000.00	\N	\N	12-010	12.00	\N	904	6
730	3 Bedroom - 12-011	5.00	5.00	Available	1	56	555555555.00	null	no balcony	200000.00	1	3	\N	50000.00	\N	\N	12-011	12.00	\N	904	6
731	3 Bedroom - 12-012	5.00	5.00	Available	1	56	555555555.00	null	no balcony	200000.00	1	3	\N	50000.00	\N	\N	12-012	12.00	\N	904	6
732	3 Bedroom - 12-013	5.00	5.00	Available	1	56	555555555.00	null	no balcony	200000.00	1	3	\N	50000.00	\N	\N	12-013	12.00	\N	904	6
733	3 Bedroom - 12-014	5.00	5.00	Available	1	56	555555555.00	null	no balcony	200000.00	1	3	\N	50000.00	\N	\N	12-014	12.00	\N	904	6
734	3 Bedroom - 12-015	5.00	5.00	Available	1	56	555555555.00	null	no balcony	200000.00	1	3	\N	50000.00	\N	\N	12-015	12.00	\N	904	6
735	3 Bedroom - 13-001	5.00	5.00	Available	1	56	555555555.00	null	no balcony	200000.00	1	3	\N	50000.00	\N	\N	13-001	12.00	\N	905	6
736	3 Bedroom - 13-002	5.00	5.00	Available	1	56	555555555.00	null	no balcony	200000.00	1	3	\N	50000.00	\N	\N	13-002	12.00	\N	905	6
737	3 Bedroom - 13-003	5.00	5.00	Available	1	56	555555555.00	null	no balcony	200000.00	1	3	\N	50000.00	\N	\N	13-003	12.00	\N	905	6
738	3 Bedroom - 13-004	5.00	5.00	Available	1	56	555555555.00	null	no balcony	200000.00	1	3	\N	50000.00	\N	\N	13-004	12.00	\N	905	6
739	3 Bedroom - 13-005	5.00	5.00	Available	1	56	555555555.00	null	no balcony	200000.00	1	3	\N	50000.00	\N	\N	13-005	12.00	\N	905	6
740	3 Bedroom - 13-006	5.00	5.00	Available	1	56	555555555.00	null	no balcony	200000.00	1	3	\N	50000.00	\N	\N	13-006	12.00	\N	905	6
741	3 Bedroom - 13-007	5.00	5.00	Available	1	56	555555555.00	null	no balcony	200000.00	1	3	\N	50000.00	\N	\N	13-007	12.00	\N	905	6
742	3 Bedroom - 13-008	5.00	5.00	Available	1	56	555555555.00	null	no balcony	200000.00	1	3	\N	50000.00	\N	\N	13-008	12.00	\N	905	6
743	3 Bedroom - 13-009	5.00	5.00	Available	1	56	555555555.00	null	no balcony	200000.00	1	3	\N	50000.00	\N	\N	13-009	12.00	\N	905	6
744	3 Bedroom - 13-010	5.00	5.00	Available	1	56	555555555.00	null	no balcony	200000.00	1	3	\N	50000.00	\N	\N	13-010	12.00	\N	905	6
745	3 Bedroom - 13-011	5.00	5.00	Available	1	56	555555555.00	null	no balcony	200000.00	1	3	\N	50000.00	\N	\N	13-011	12.00	\N	905	6
746	3 Bedroom - 13-012	5.00	5.00	Available	1	56	555555555.00	null	no balcony	200000.00	1	3	\N	50000.00	\N	\N	13-012	12.00	\N	905	6
747	3 Bedroom - 13-013	5.00	5.00	Available	1	56	555555555.00	null	no balcony	200000.00	1	3	\N	50000.00	\N	\N	13-013	12.00	\N	905	6
748	3 Bedroom - 13-014	5.00	5.00	Available	1	56	555555555.00	null	no balcony	200000.00	1	3	\N	50000.00	\N	\N	13-014	12.00	\N	905	6
749	3 Bedroom - 13-015	5.00	5.00	Available	1	56	555555555.00	null	no balcony	200000.00	1	3	\N	50000.00	\N	\N	13-015	12.00	\N	905	6
750	3 Bedroom - 14-001	5.00	5.00	Available	1	56	555555555.00	null	no balcony	200000.00	1	3	\N	50000.00	\N	\N	14-001	12.00	\N	906	6
751	3 Bedroom - 14-002	5.00	5.00	Available	1	56	555555555.00	null	no balcony	200000.00	1	3	\N	50000.00	\N	\N	14-002	12.00	\N	906	6
752	3 Bedroom - 14-003	5.00	5.00	Available	1	56	555555555.00	null	no balcony	200000.00	1	3	\N	50000.00	\N	\N	14-003	12.00	\N	906	6
753	3 Bedroom - 14-004	5.00	5.00	Available	1	56	555555555.00	null	no balcony	200000.00	1	3	\N	50000.00	\N	\N	14-004	12.00	\N	906	6
754	3 Bedroom - 14-005	5.00	5.00	Available	1	56	555555555.00	null	no balcony	200000.00	1	3	\N	50000.00	\N	\N	14-005	12.00	\N	906	6
756	3 Bedroom - 14-007	5.00	5.00	Available	1	56	555555555.00	null	no balcony	200000.00	1	3	\N	50000.00	\N	\N	14-007	12.00	\N	906	6
757	3 Bedroom - 14-008	5.00	5.00	Available	1	56	555555555.00	null	no balcony	200000.00	1	3	\N	50000.00	\N	\N	14-008	12.00	\N	906	6
758	3 Bedroom - 14-009	5.00	5.00	Available	1	56	555555555.00	null	no balcony	200000.00	1	3	\N	50000.00	\N	\N	14-009	12.00	\N	906	6
759	3 Bedroom - 14-010	5.00	5.00	Available	1	56	555555555.00	null	no balcony	200000.00	1	3	\N	50000.00	\N	\N	14-010	12.00	\N	906	6
760	3 Bedroom - 14-011	5.00	5.00	Available	1	56	555555555.00	null	no balcony	200000.00	1	3	\N	50000.00	\N	\N	14-011	12.00	\N	906	6
761	3 Bedroom - 14-012	5.00	5.00	Available	1	56	555555555.00	null	no balcony	200000.00	1	3	\N	50000.00	\N	\N	14-012	12.00	\N	906	6
762	3 Bedroom - 14-013	5.00	5.00	Available	1	56	555555555.00	null	no balcony	200000.00	1	3	\N	50000.00	\N	\N	14-013	12.00	\N	906	6
763	3 Bedroom - 14-014	5.00	5.00	Available	1	56	555555555.00	null	no balcony	200000.00	1	3	\N	50000.00	\N	\N	14-014	12.00	\N	906	6
764	3 Bedroom - 14-015	5.00	5.00	Available	1	56	555555555.00	null	no balcony	200000.00	1	3	\N	50000.00	\N	\N	14-015	12.00	\N	906	6
722	3 Bedroom - 12-003	5.00	5.00	Reserved	1	56	555555555.00	\N	no balcony	200000.00	1	3	\N	50000.00	\N	\N	12-003	12.00	\N	904	6
755	3 Bedroom - 14-006	5.00	5.00	Reserved	1	56	555555555.00	\N	no balcony	200000.00	1	3	\N	50000.00	\N	\N	14-006	12.00	\N	906	6
765	1 Bedroom - 2-001	55.00	55.00	Available	2	36	100000000.00	null	no balcony	200000.00	1	1	\N	50000.00	\N	\N	2-001	12.00	\N	909	4
766	1 Bedroom - 2-002	55.00	55.00	Available	2	36	100000000.00	null	no balcony	200000.00	1	1	\N	50000.00	\N	\N	2-002	12.00	\N	909	4
767	1 Bedroom - 2-003	55.00	55.00	Available	2	36	100000000.00	null	no balcony	200000.00	1	1	\N	50000.00	\N	\N	2-003	12.00	\N	909	4
768	1 Bedroom - 2-004	55.00	55.00	Available	2	36	100000000.00	null	no balcony	200000.00	1	1	\N	50000.00	\N	\N	2-004	12.00	\N	909	4
769	1 Bedroom - 2-005	55.00	55.00	Available	2	36	100000000.00	null	no balcony	200000.00	1	1	\N	50000.00	\N	\N	2-005	12.00	\N	909	4
770	1 Bedroom - 3-001	55.00	55.00	Available	2	36	100000000.00	null	no balcony	200000.00	1	1	\N	50000.00	\N	\N	3-001	12.00	\N	910	4
771	1 Bedroom - 3-002	55.00	55.00	Available	2	36	100000000.00	null	no balcony	200000.00	1	1	\N	50000.00	\N	\N	3-002	12.00	\N	910	4
772	1 Bedroom - 3-003	55.00	55.00	Available	2	36	100000000.00	null	no balcony	200000.00	1	1	\N	50000.00	\N	\N	3-003	12.00	\N	910	4
773	1 Bedroom - 3-004	55.00	55.00	Available	2	36	100000000.00	null	no balcony	200000.00	1	1	\N	50000.00	\N	\N	3-004	12.00	\N	910	4
774	1 Bedroom - 3-005	55.00	55.00	Available	2	36	100000000.00	null	no balcony	200000.00	1	1	\N	50000.00	\N	\N	3-005	12.00	\N	910	4
775	1 Bedroom - 4-001	55.00	55.00	Available	2	36	100000000.00	null	no balcony	200000.00	1	1	\N	50000.00	\N	\N	4-001	12.00	\N	911	4
776	1 Bedroom - 4-002	55.00	55.00	Available	2	36	100000000.00	null	no balcony	200000.00	1	1	\N	50000.00	\N	\N	4-002	12.00	\N	911	4
777	1 Bedroom - 4-003	55.00	55.00	Available	2	36	100000000.00	null	no balcony	200000.00	1	1	\N	50000.00	\N	\N	4-003	12.00	\N	911	4
778	1 Bedroom - 4-004	55.00	55.00	Available	2	36	100000000.00	null	no balcony	200000.00	1	1	\N	50000.00	\N	\N	4-004	12.00	\N	911	4
779	1 Bedroom - 4-005	55.00	55.00	Available	2	36	100000000.00	null	no balcony	200000.00	1	1	\N	50000.00	\N	\N	4-005	12.00	\N	911	4
724	3 Bedroom - 12-005	5.00	5.00	Pending Reservation	1	56	555555555.00	null	no balcony	200000.00	1	3	\N	50000.00	\N	\N	12-005	12.00	\N	904	6
780	Studio - 1-001	5.00	5.00	Available	1	57	6000000.00	null	no balcony	200000.00	1	1	\N	50000.00	10.00	10.00	1-001	12.00	\N	918	1
781	Studio - 1-002	5.00	5.00	Available	1	57	6000000.00	null	no balcony	200000.00	1	1	\N	50000.00	10.00	10.00	1-002	12.00	\N	918	1
784	Studio - 1-005	5.00	5.00	Available	1	57	6000000.00	null	no balcony	200000.00	1	1	\N	50000.00	10.00	10.00	1-005	12.00	\N	918	1
785	Studio - 2-001	5.00	5.00	Available	1	57	6000000.00	null	no balcony	200000.00	1	1	\N	50000.00	10.00	10.00	2-001	12.00	\N	919	1
786	Studio - 2-002	5.00	5.00	Available	1	57	6000000.00	null	no balcony	200000.00	1	1	\N	50000.00	10.00	10.00	2-002	12.00	\N	919	1
787	Studio - 2-003	5.00	5.00	Available	1	57	6000000.00	null	no balcony	200000.00	1	1	\N	50000.00	10.00	10.00	2-003	12.00	\N	919	1
788	Studio - 2-004	5.00	5.00	Available	1	57	6000000.00	null	no balcony	200000.00	1	1	\N	50000.00	10.00	10.00	2-004	12.00	\N	919	1
789	Studio - 2-005	5.00	5.00	Available	1	57	6000000.00	null	no balcony	200000.00	1	1	\N	50000.00	10.00	10.00	2-005	12.00	\N	919	1
782	Studio - 1-003	5.00	5.00	Pending Reservation	1	57	6000000.00	null	no balcony	200000.00	1	1	\N	50000.00	10.00	10.00	1-003	12.00	\N	918	1
790	haha - 1-001	5.00	5.00	Available	1	58	5.00	null	no balcony	200000.00	1	1	\N	50000.00	\N	\N	1-001	12.00	\N	933	10
791	haha - 1-002	5.00	5.00	Available	1	58	5.00	null	no balcony	200000.00	1	1	\N	50000.00	\N	\N	1-002	12.00	\N	933	10
792	haha - 1-003	5.00	5.00	Available	1	58	5.00	null	no balcony	200000.00	1	1	\N	50000.00	\N	\N	1-003	12.00	\N	933	10
793	haha - 2-001	5.00	5.00	Available	1	58	5.00	null	no balcony	200000.00	1	1	\N	50000.00	\N	\N	2-001	12.00	\N	934	10
794	haha - 2-002	5.00	5.00	Available	1	58	5.00	null	no balcony	200000.00	1	1	\N	50000.00	\N	\N	2-002	12.00	\N	934	10
795	haha - 2-003	5.00	5.00	Available	1	58	5.00	null	no balcony	200000.00	1	1	\N	50000.00	\N	\N	2-003	12.00	\N	934	10
796	3 Bedroom - 3-001	5.00	5.00	Available	1	52	5.00	null	no balcony	200000.00	1	1	\N	50000.00	\N	\N	3-001	12.00	\N	793	6
797	3 Bedroom - 4-001	5.00	5.00	Available	1	52	5.00	null	no balcony	200000.00	1	1	\N	50000.00	\N	\N	4-001	12.00	\N	794	6
798	haha - 1-001	5.00	5.00	Available	1	59	5550000.00	null	no balcony	200000.00	1	1	\N	50000.00	\N	\N	1-001	12.00	\N	948	10
799	haha - 1-002	5.00	5.00	Available	1	59	5550000.00	null	no balcony	200000.00	1	1	\N	50000.00	\N	\N	1-002	12.00	\N	948	10
800	haha - 1-003	5.00	5.00	Available	1	59	5550000.00	null	no balcony	200000.00	1	1	\N	50000.00	\N	\N	1-003	12.00	\N	948	10
801	haha - 2-001	5.00	5.00	Available	1	59	5550000.00	null	no balcony	200000.00	1	1	\N	50000.00	\N	\N	2-001	12.00	\N	949	10
802	haha - 2-002	5.00	5.00	Available	1	59	5550000.00	null	no balcony	200000.00	1	1	\N	50000.00	\N	\N	2-002	12.00	\N	949	10
803	haha - 2-003	5.00	5.00	Available	1	59	5550000.00	null	no balcony	200000.00	1	1	\N	50000.00	\N	\N	2-003	12.00	\N	949	10
804	haha - 3-001	5.00	5.00	Available	1	59	5550000.00	null	no balcony	200000.00	1	1	\N	50000.00	\N	\N	3-001	12.00	\N	950	10
805	haha - 3-002	5.00	5.00	Available	1	59	5550000.00	null	no balcony	200000.00	1	1	\N	50000.00	\N	\N	3-002	12.00	\N	950	10
806	haha - 3-003	5.00	5.00	Available	1	59	5550000.00	null	no balcony	200000.00	1	1	\N	50000.00	\N	\N	3-003	12.00	\N	950	10
783	Studio - 1-004	5.00	5.00	Pending Reservation	1	57	6000000.00	null	no balcony	200000.00	1	1	\N	50000.00	10.00	10.00	1-004	12.00	\N	918	1
807	3 Bedroom - B-001	5.00	5.00	Available	1	62	5555.00	null	no balcony	200000.00	1	1	\N	50000.00	\N	\N	B-001	12.00	\N	989	6
808	3 Bedroom - B-002	5.00	5.00	Available	1	62	5555.00	null	no balcony	200000.00	1	1	\N	50000.00	\N	\N	B-002	12.00	\N	989	6
809	3 Bedroom - B-003	5.00	5.00	Available	1	62	5555.00	null	no balcony	200000.00	1	1	\N	50000.00	\N	\N	B-003	12.00	\N	989	6
810	3 Bedroom - B-004	5.00	5.00	Available	1	62	5555.00	null	no balcony	200000.00	1	1	\N	50000.00	\N	\N	B-004	12.00	\N	989	6
811	3 Bedroom - B-005	5.00	5.00	Available	1	62	5555.00	null	no balcony	200000.00	1	1	\N	50000.00	\N	\N	B-005	12.00	\N	989	6
812	3 Bedroom - C-001	5.00	5.00	Available	1	62	5555.00	null	no balcony	200000.00	1	1	\N	50000.00	\N	\N	C-001	12.00	\N	990	6
813	3 Bedroom - C-002	5.00	5.00	Available	1	62	5555.00	null	no balcony	200000.00	1	1	\N	50000.00	\N	\N	C-002	12.00	\N	990	6
814	3 Bedroom - C-003	5.00	5.00	Available	1	62	5555.00	null	no balcony	200000.00	1	1	\N	50000.00	\N	\N	C-003	12.00	\N	990	6
815	3 Bedroom - C-004	5.00	5.00	Available	1	62	5555.00	null	no balcony	200000.00	1	1	\N	50000.00	\N	\N	C-004	12.00	\N	990	6
816	3 Bedroom - C-005	5.00	5.00	Available	1	62	5555.00	null	no balcony	200000.00	1	1	\N	50000.00	\N	\N	C-005	12.00	\N	990	6
817	3 Bedroom - D-001	5.00	5.00	Available	1	62	5555.00	null	no balcony	200000.00	1	1	\N	50000.00	\N	\N	D-001	12.00	\N	991	6
818	3 Bedroom - D-002	5.00	5.00	Available	1	62	5555.00	null	no balcony	200000.00	1	1	\N	50000.00	\N	\N	D-002	12.00	\N	991	6
819	3 Bedroom - D-003	5.00	5.00	Available	1	62	5555.00	null	no balcony	200000.00	1	1	\N	50000.00	\N	\N	D-003	12.00	\N	991	6
820	3 Bedroom - D-004	5.00	5.00	Available	1	62	5555.00	null	no balcony	200000.00	1	1	\N	50000.00	\N	\N	D-004	12.00	\N	991	6
821	3 Bedroom - D-005	5.00	5.00	Available	1	62	5555.00	null	no balcony	200000.00	1	1	\N	50000.00	\N	\N	D-005	12.00	\N	991	6
677	Loft - B-003	5.00	5.00	Pending Reservation	1	53	5555555.00	null	no balcony	200000.00	1	1	\N	50000.00	\N	\N	B-003	12.00	\N	844	8
822	2 Bedroom - B-027	5.00	5.00	Available	1	53	6000000.00	null	no balcony	200000.00	1	1	\N	50000.00	\N	\N	B-027	12.00	\N	844	5
823	2 Bedroom - B-028	5.00	5.00	Available	1	53	6000000.00	null	no balcony	200000.00	1	1	\N	50000.00	\N	\N	B-028	12.00	\N	844	5
824	Tester - C-004	5.00	5.00	Available	1	53	6000000.00	null	no balcony	200000.00	1	2	\N	50000.00	\N	\N	C-004	12.00	\N	845	15
825	2 Bedroom - A-001	6.00	6.00	Available	1	53	666.00	null	no balcony	200000.00	1	1	\N	50000.00	\N	\N	A-001	12.00	\N	843	5
826	2 Bedroom - A-002	6.00	6.00	Available	1	53	666.00	null	no balcony	200000.00	1	1	\N	50000.00	\N	\N	A-002	12.00	\N	843	5
827	2 Bedroom - A-003	6.00	6.00	Available	1	53	666.00	null	no balcony	200000.00	1	1	\N	50000.00	\N	\N	A-003	12.00	\N	843	5
828	2 Bedroom - A-004	6.00	6.00	Available	1	53	666.00	null	no balcony	200000.00	1	1	\N	50000.00	\N	\N	A-004	12.00	\N	843	5
829	2 Bedroom - A-005	6.00	6.00	Available	1	53	666.00	null	no balcony	200000.00	1	1	\N	50000.00	\N	\N	A-005	12.00	\N	843	5
830	2 Bedroom - A-006	6.00	6.00	Available	1	53	666.00	null	no balcony	200000.00	1	1	\N	50000.00	\N	\N	A-006	12.00	\N	843	5
831	2 Bedroom - A-007	6.00	6.00	Available	1	53	666.00	null	no balcony	200000.00	1	1	\N	50000.00	\N	\N	A-007	12.00	\N	843	5
832	2 Bedroom - A-008	6.00	6.00	Available	1	53	666.00	null	no balcony	200000.00	1	1	\N	50000.00	\N	\N	A-008	12.00	\N	843	5
833	2 Bedroom - A-009	6.00	6.00	Available	1	53	666.00	null	no balcony	200000.00	1	1	\N	50000.00	\N	\N	A-009	12.00	\N	843	5
834	2 Bedroom - A-010	6.00	6.00	Available	1	53	666.00	null	no balcony	200000.00	1	1	\N	50000.00	\N	\N	A-010	12.00	\N	843	5
835	2 Bedroom - A-011	6.00	6.00	Available	1	53	666.00	null	no balcony	200000.00	1	1	\N	50000.00	\N	\N	A-011	12.00	\N	843	5
836	2 Bedroom - A-012	6.00	6.00	Available	1	53	666.00	null	no balcony	200000.00	1	1	\N	50000.00	\N	\N	A-012	12.00	\N	843	5
837	2 Bedroom - A-013	6.00	6.00	Available	1	53	666.00	null	no balcony	200000.00	1	1	\N	50000.00	\N	\N	A-013	12.00	\N	843	5
838	2 Bedroom - A-014	6.00	6.00	Available	1	53	666.00	null	no balcony	200000.00	1	1	\N	50000.00	\N	\N	A-014	12.00	\N	843	5
839	2 Bedroom - R-001	55.00	55.00	Available	1	53	9000000.00	null	no balcony	800000.00	1	1	\N	50000.00	\N	\N	R-001	12.00	\N	875	5
840	2 Bedroom - R-002	55.00	55.00	Available	1	53	9000000.00	null	no balcony	800000.00	1	1	\N	50000.00	\N	\N	R-002	12.00	\N	875	5
841	2 Bedroom - R-003	55.00	55.00	Available	1	53	9000000.00	null	no balcony	800000.00	1	1	\N	50000.00	\N	\N	R-003	12.00	\N	875	5
\.


--
-- TOC entry 5166 (class 0 OID 43063)
-- Dependencies: 260
-- Data for Name: units_unitimage; Type: TABLE DATA; Schema: public; Owner: postgres
--

COPY public.units_unitimage (id, image, uploaded_at, unit_id, image_type, unit_template_id, "primary") FROM stdin;
374	photos/SMDC_Aloe_Vera/unknown/4078892b7b5a0fcf720c143af736c551-3721729569_1gKZlHX.jpg	2024-12-13 12:21:32.889481+08	676	Unit	\N	f
375	photos/SMDC_Aloe_Vera/unknown/4078892b7b5a0fcf720c143af736c551-3721729569_Dalei10.jpg	2024-12-13 12:21:32.901482+08	677	Unit	\N	f
376	photos/SMDC_Aloe_Vera/unknown/4078892b7b5a0fcf720c143af736c551-3721729569_LfUVZdu.jpg	2024-12-13 12:21:32.911504+08	678	Unit	\N	f
377	photos/SMDC_Aloe_Vera/unknown/4078892b7b5a0fcf720c143af736c551-3721729569_nkV0Lt9.jpg	2024-12-13 12:21:32.917479+08	679	Unit	\N	f
378	photos/SMDC_Aloe_Vera/unknown/4078892b7b5a0fcf720c143af736c551-3721729569_3VrgvTZ.jpg	2024-12-13 12:21:32.923479+08	680	Unit	\N	f
373	photos/SMDC_Aloe_Vera/unknown/dmci-homes-completes-10-condo-buildings-in-1h-of-2019-1561_3cyhyWm.jpg	2024-12-13 12:21:32.87148+08	675	Unit	\N	f
424	photos/SMDCAloeVera/sites/NEWNEW/units/803/unit_image_1.jpg	2024-12-13 17:56:56.54262+08	803	unit	\N	f
380	photos/SMDC_Aloe_Vera/unknown/4078892b7b5a0fcf720c143af736c551-3721729569_TOoK9et.jpg	2024-12-13 12:23:03.632013+08	681	Unit	\N	f
381	photos/SMDC_Aloe_Vera/unknown/4078892b7b5a0fcf720c143af736c551-3721729569_XznMLOQ.jpg	2024-12-13 12:23:03.64601+08	682	Unit	\N	f
382	photos/SMDC_Aloe_Vera/unknown/4078892b7b5a0fcf720c143af736c551-3721729569_d1HhB1s.jpg	2024-12-13 12:23:03.67001+08	683	Unit	\N	f
383	photos/SMDCAloeVera/sites/123Umbrella/units/675/unit_image_2.jpg	2024-12-13 17:36:15.356471+08	675	unit	\N	f
384	photos/SMDCAloeVera/sites/xdxdxd/units/720/unit_image_1.jpg	2024-12-13 17:38:12.944286+08	720	unit	\N	f
386	photos/SMDCAloeVera/unknown/dmci-homes-expands-mulberry-place-condo-in-acacia-estates-ta_JAXFDOQ.jpg	2024-12-13 17:40:15.037977+08	790	Unit	\N	f
387	photos/SMDCAloeVera/unknown/dmci-homes-completes-10-condo-buildings-in-1h-of-2019-156163_XsA5D8n.jpg	2024-12-13 17:40:15.049978+08	791	Unit	\N	f
388	photos/SMDCAloeVera/unknown/dmci-homes-expands-mulberry-place-condo-in-acacia-estates-ta_xQjBKlA.jpg	2024-12-13 17:40:15.053977+08	791	Unit	\N	f
389	photos/SMDCAloeVera/unknown/dmci-homes-completes-10-condo-buildings-in-1h-of-2019-156163_rPKz1tI.jpg	2024-12-13 17:40:15.061974+08	792	Unit	\N	f
390	photos/SMDCAloeVera/unknown/dmci-homes-expands-mulberry-place-condo-in-acacia-estates-ta_Pbip826.jpg	2024-12-13 17:40:15.065977+08	792	Unit	\N	f
391	photos/SMDCAloeVera/unknown/dmci-homes-completes-10-condo-buildings-in-1h-of-2019-156163_U1IEU7B.jpg	2024-12-13 17:40:15.076975+08	793	Unit	\N	f
392	photos/SMDCAloeVera/unknown/dmci-homes-expands-mulberry-place-condo-in-acacia-estates-ta_lBGFlqo.jpg	2024-12-13 17:40:15.08298+08	793	Unit	\N	f
393	photos/SMDCAloeVera/unknown/dmci-homes-completes-10-condo-buildings-in-1h-of-2019-156163_Gk5JOVz.jpg	2024-12-13 17:40:15.092978+08	794	Unit	\N	f
394	photos/SMDCAloeVera/unknown/dmci-homes-expands-mulberry-place-condo-in-acacia-estates-ta_CGX1Pfr.jpg	2024-12-13 17:40:15.096975+08	794	Unit	\N	f
395	photos/SMDCAloeVera/unknown/dmci-homes-completes-10-condo-buildings-in-1h-of-2019-156163_GDCvtf8.jpg	2024-12-13 17:40:15.103977+08	795	Unit	\N	f
396	photos/SMDCAloeVera/unknown/dmci-homes-expands-mulberry-place-condo-in-acacia-estates-ta_0wLT90c.jpg	2024-12-13 17:40:15.110975+08	795	Unit	\N	f
385	photos/SMDCAloeVera/unknown/78fee444f49d95f1e5b1e65b6e7a636e-230981994.jpg	2024-12-13 17:40:15.029977+08	790	Unit	\N	f
397	photos/SMDCAloeVera/sites/new/units/790/unit_image_3.jpg	2024-12-13 17:41:36.174916+08	790	unit	\N	f
398	photos/SMDCAloeVera/sites/12312321/units/796/unit_image_1.jpg	2024-12-13 17:54:46.852878+08	796	unit	\N	f
399	photos/SMDCAloeVera/sites/12312321/units/796/unit_image_2.jpg	2024-12-13 17:54:46.866879+08	796	unit	\N	f
400	photos/SMDCAloeVera/sites/12312321/units/796/unit_image_3.jpg	2024-12-13 17:54:46.88988+08	796	unit	\N	f
401	photos/SMDCAloeVera/sites/12312321/units/797/unit_image_1.jpg	2024-12-13 17:54:46.90288+08	797	unit	\N	f
402	photos/SMDCAloeVera/sites/12312321/units/797/unit_image_2.jpg	2024-12-13 17:54:46.907879+08	797	unit	\N	f
403	photos/SMDCAloeVera/sites/12312321/units/797/unit_image_3.jpg	2024-12-13 17:54:46.962878+08	797	unit	\N	f
404	photos/SMDCAloeVera/sites/NEWNEW/units/798/unit_image_1.jpg	2024-12-13 17:56:56.33952+08	798	unit	\N	f
405	photos/SMDCAloeVera/sites/NEWNEW/units/798/unit_image_2.jpg	2024-12-13 17:56:56.360518+08	798	unit	\N	f
406	photos/SMDCAloeVera/sites/NEWNEW/units/798/unit_image_3.jpg	2024-12-13 17:56:56.381578+08	798	unit	\N	f
407	photos/SMDCAloeVera/sites/NEWNEW/units/798/unit_image_4.jpg	2024-12-13 17:56:56.408577+08	798	unit	\N	f
408	photos/SMDCAloeVera/sites/NEWNEW/units/799/unit_image_1.jpg	2024-12-13 17:56:56.420619+08	799	unit	\N	f
409	photos/SMDCAloeVera/sites/NEWNEW/units/799/unit_image_2.jpg	2024-12-13 17:56:56.427624+08	799	unit	\N	f
410	photos/SMDCAloeVera/sites/NEWNEW/units/799/unit_image_3.jpg	2024-12-13 17:56:56.434618+08	799	unit	\N	f
411	photos/SMDCAloeVera/sites/NEWNEW/units/799/unit_image_4.jpg	2024-12-13 17:56:56.440619+08	799	unit	\N	f
412	photos/SMDCAloeVera/sites/NEWNEW/units/800/unit_image_1.jpg	2024-12-13 17:56:56.451623+08	800	unit	\N	f
413	photos/SMDCAloeVera/sites/NEWNEW/units/800/unit_image_2.jpg	2024-12-13 17:56:56.457619+08	800	unit	\N	f
414	photos/SMDCAloeVera/sites/NEWNEW/units/800/unit_image_3.jpg	2024-12-13 17:56:56.463619+08	800	unit	\N	f
415	photos/SMDCAloeVera/sites/NEWNEW/units/800/unit_image_4.jpg	2024-12-13 17:56:56.468619+08	800	unit	\N	f
416	photos/SMDCAloeVera/sites/NEWNEW/units/801/unit_image_1.jpg	2024-12-13 17:56:56.481619+08	801	unit	\N	f
417	photos/SMDCAloeVera/sites/NEWNEW/units/801/unit_image_2.jpg	2024-12-13 17:56:56.48762+08	801	unit	\N	f
418	photos/SMDCAloeVera/sites/NEWNEW/units/801/unit_image_3.jpg	2024-12-13 17:56:56.495619+08	801	unit	\N	f
419	photos/SMDCAloeVera/sites/NEWNEW/units/801/unit_image_4.jpg	2024-12-13 17:56:56.501619+08	801	unit	\N	f
420	photos/SMDCAloeVera/sites/NEWNEW/units/802/unit_image_1.jpg	2024-12-13 17:56:56.51162+08	802	unit	\N	f
421	photos/SMDCAloeVera/sites/NEWNEW/units/802/unit_image_2.jpg	2024-12-13 17:56:56.51862+08	802	unit	\N	f
422	photos/SMDCAloeVera/sites/NEWNEW/units/802/unit_image_3.jpg	2024-12-13 17:56:56.527619+08	802	unit	\N	f
423	photos/SMDCAloeVera/sites/NEWNEW/units/802/unit_image_4.jpg	2024-12-13 17:56:56.53362+08	802	unit	\N	f
425	photos/SMDCAloeVera/sites/NEWNEW/units/803/unit_image_2.jpg	2024-12-13 17:56:56.549618+08	803	unit	\N	f
426	photos/SMDCAloeVera/sites/NEWNEW/units/803/unit_image_3.jpg	2024-12-13 17:56:56.555619+08	803	unit	\N	f
427	photos/SMDCAloeVera/sites/NEWNEW/units/803/unit_image_4.jpg	2024-12-13 17:56:56.560619+08	803	unit	\N	f
428	photos/SMDCAloeVera/sites/NEWNEW/units/804/unit_image_1.jpg	2024-12-13 17:56:56.56862+08	804	unit	\N	f
429	photos/SMDCAloeVera/sites/NEWNEW/units/804/unit_image_2.jpg	2024-12-13 17:56:56.573618+08	804	unit	\N	f
430	photos/SMDCAloeVera/sites/NEWNEW/units/804/unit_image_3.jpg	2024-12-13 17:56:56.580617+08	804	unit	\N	f
431	photos/SMDCAloeVera/sites/NEWNEW/units/804/unit_image_4.jpg	2024-12-13 17:56:56.585619+08	804	unit	\N	f
432	photos/SMDCAloeVera/sites/NEWNEW/units/805/unit_image_1.jpg	2024-12-13 17:56:56.593618+08	805	unit	\N	f
433	photos/SMDCAloeVera/sites/NEWNEW/units/805/unit_image_2.jpg	2024-12-13 17:56:56.598619+08	805	unit	\N	f
434	photos/SMDCAloeVera/sites/NEWNEW/units/805/unit_image_3.jpg	2024-12-13 17:56:56.603618+08	805	unit	\N	f
435	photos/SMDCAloeVera/sites/NEWNEW/units/805/unit_image_4.jpg	2024-12-13 17:56:56.610618+08	805	unit	\N	f
436	photos/SMDCAloeVera/sites/NEWNEW/units/806/unit_image_1.jpg	2024-12-13 17:56:56.618619+08	806	unit	\N	f
437	photos/SMDCAloeVera/sites/NEWNEW/units/806/unit_image_2.jpg	2024-12-13 17:56:56.623619+08	806	unit	\N	f
438	photos/SMDCAloeVera/sites/NEWNEW/units/806/unit_image_3.jpg	2024-12-13 17:56:56.628618+08	806	unit	\N	f
439	photos/SMDCAloeVera/sites/NEWNEW/units/806/unit_image_4.jpg	2024-12-13 17:56:56.634618+08	806	unit	\N	f
440	photos/SMDCAloeVera/sites/bagoong/units/807/unit_image_1.jpg	2024-12-14 14:18:29.75292+08	807	unit	\N	f
441	photos/SMDCAloeVera/sites/bagoong/units/808/unit_image_1.jpg	2024-12-14 14:18:29.768071+08	808	unit	\N	f
442	photos/SMDCAloeVera/sites/bagoong/units/809/unit_image_1.jpg	2024-12-14 14:18:29.78312+08	809	unit	\N	f
443	photos/SMDCAloeVera/sites/bagoong/units/810/unit_image_1.jpg	2024-12-14 14:18:29.792666+08	810	unit	\N	f
444	photos/SMDCAloeVera/sites/bagoong/units/811/unit_image_1.jpg	2024-12-14 14:18:29.807743+08	811	unit	\N	f
445	photos/SMDCAloeVera/sites/bagoong/units/812/unit_image_1.jpg	2024-12-14 14:18:29.822784+08	812	unit	\N	f
446	photos/SMDCAloeVera/sites/bagoong/units/813/unit_image_1.jpg	2024-12-14 14:18:29.832822+08	813	unit	\N	f
447	photos/SMDCAloeVera/sites/bagoong/units/814/unit_image_1.jpg	2024-12-14 14:18:29.847887+08	814	unit	\N	f
448	photos/SMDCAloeVera/sites/bagoong/units/815/unit_image_1.jpg	2024-12-14 14:18:29.857954+08	815	unit	\N	f
449	photos/SMDCAloeVera/sites/bagoong/units/816/unit_image_1.jpg	2024-12-14 14:18:29.873045+08	816	unit	\N	f
450	photos/SMDCAloeVera/sites/bagoong/units/817/unit_image_1.jpg	2024-12-14 14:18:29.883072+08	817	unit	\N	f
451	photos/SMDCAloeVera/sites/bagoong/units/818/unit_image_1.jpg	2024-12-14 14:18:29.897687+08	818	unit	\N	f
452	photos/SMDCAloeVera/sites/bagoong/units/819/unit_image_1.jpg	2024-12-14 14:18:29.907737+08	819	unit	\N	f
453	photos/SMDCAloeVera/sites/bagoong/units/820/unit_image_1.jpg	2024-12-14 14:18:29.922777+08	820	unit	\N	f
454	photos/SMDCAloeVera/sites/bagoong/units/821/unit_image_1.jpg	2024-12-14 14:18:29.93786+08	821	unit	\N	f
455	photos/SMDCAloeVera/sites/123Umbrella/units/822/unit_image_1.jpg	2024-12-14 16:43:59.211816+08	822	unit	\N	f
456	photos/SMDCAloeVera/sites/123Umbrella/units/823/unit_image_1.jpg	2024-12-14 16:43:59.228523+08	823	unit	\N	f
457	photos/SMDCAloeVera/sites/123Umbrella/units/824/unit_image_1.jpg	2024-12-14 16:44:12.90893+08	824	unit	\N	f
458	photos/SMDCAloeVera/sites/123Umbrella/units/838/unit_image_1.jpg	2024-12-14 16:49:14.54149+08	838	unit	\N	f
\.


--
-- TOC entry 5172 (class 0 OID 43549)
-- Dependencies: 266
-- Data for Name: units_unittemplate; Type: TABLE DATA; Schema: public; Owner: postgres
--

COPY public.units_unittemplate (id, name, bedroom, bathroom, floor_area, lot_area, price, view, balcony, commission, description, company_id, unit_type_id, last_updated, primary_image_id, relative_id, is_archived) FROM stdin;
9	2BR Romanov	1	1	40.00	40.00	8000000.00	\N	\N	\N	Avenge Deal	2	1	2024-12-10 17:27:10.766219+08	\N	\N	f
7	tetete	1	1	55.00	55.00	55.00	\N	\N	\N	ha	1	1	2024-12-14 16:14:48.090311+08	\N	\N	t
8	tetat	1	1	23.00	23.00	51521512.00	\N	\N	\N	eateat	1	3	2024-12-14 16:14:51.97301+08	\N	\N	f
1	temp1	2	2	50.00	50.00	50.00	south	has balcony	5.00	hehe	1	1	2024-12-14 16:14:59.152157+08	\N	\N	f
11	testete	1	1	55.00	55.00	5000000.00	\N	\N	\N	undefined	1	4	2024-12-14 16:17:46.877082+08	\N	\N	f
3	Cy	1	1	\N	\N	55.00	\N	\N	\N	test	1	1	2024-12-14 16:17:52.137122+08	\N	\N	t
4	55	1	1	512131.00	55.00	512131.00	\N	\N	\N	55	1	1	2024-12-14 16:17:54.223477+08	\N	\N	f
2	teset	1	1	5.00	5.00	5.00	south	has balcony	5.00	ahhh	1	5	2024-12-14 16:18:48.826031+08	\N	\N	f
5	cytes	1	1	55.00	55.00	1.00	\N	\N	\N	123	1	1	2024-12-14 16:20:53.793974+08	\N	\N	t
6	5	1	1	55.00	55.00	55.00	\N	\N	\N	55	1	1	2024-12-14 16:20:57.454632+08	\N	\N	f
10	yehe	1	1	50.00	50.00	5555555.00	\N	\N	\N	undefined	1	4	2024-12-14 16:21:02.212958+08	\N	\N	f
\.


--
-- TOC entry 5174 (class 0 OID 43724)
-- Dependencies: 268
-- Data for Name: units_unittype; Type: TABLE DATA; Schema: public; Owner: postgres
--

COPY public.units_unittype (id, name, is_custom, is_archived, company_id) FROM stdin;
1	Studio	f	f	1
3	Studio Deluxe	f	f	1
4	1 Bedroom	f	f	1
5	2 Bedroom	f	f	1
6	3 Bedroom	f	f	1
7	Penthouse	f	f	1
8	Loft	f	f	1
13	2 Bedroom Delux	t	f	2
12	Test Type	t	f	2
10	haha	t	t	1
16	haaaaaaaa	t	t	1
2	Hehe haha	t	t	1
11	yes	t	t	1
9	ayo	t	t	1
15	Tester	t	t	1
14	yahh	t	f	1
17	Parking Lot	t	f	1
\.


--
-- TOC entry 5182 (class 0 OID 0)
-- Dependencies: 227
-- Name: affiliations_affiliation_id_seq; Type: SEQUENCE SET; Schema: public; Owner: postgres
--

SELECT pg_catalog.setval('public.affiliations_affiliation_id_seq', 1, false);


--
-- TOC entry 5183 (class 0 OID 0)
-- Dependencies: 231
-- Name: auth_group_id_seq; Type: SEQUENCE SET; Schema: public; Owner: postgres
--

SELECT pg_catalog.setval('public.auth_group_id_seq', 1, false);


--
-- TOC entry 5184 (class 0 OID 0)
-- Dependencies: 233
-- Name: auth_group_permissions_id_seq; Type: SEQUENCE SET; Schema: public; Owner: postgres
--

SELECT pg_catalog.setval('public.auth_group_permissions_id_seq', 1, false);


--
-- TOC entry 5185 (class 0 OID 0)
-- Dependencies: 229
-- Name: auth_permission_id_seq; Type: SEQUENCE SET; Schema: public; Owner: postgres
--

SELECT pg_catalog.setval('public.auth_permission_id_seq', 108, true);


--
-- TOC entry 5186 (class 0 OID 0)
-- Dependencies: 236
-- Name: brokers_broker_id_seq; Type: SEQUENCE SET; Schema: public; Owner: postgres
--

SELECT pg_catalog.setval('public.brokers_broker_id_seq', 20, true);


--
-- TOC entry 5187 (class 0 OID 0)
-- Dependencies: 219
-- Name: companies_company_id_seq; Type: SEQUENCE SET; Schema: public; Owner: postgres
--

SELECT pg_catalog.setval('public.companies_company_id_seq', 2, true);


--
-- TOC entry 5188 (class 0 OID 0)
-- Dependencies: 242
-- Name: customers_customer_id_seq; Type: SEQUENCE SET; Schema: public; Owner: postgres
--

SELECT pg_catalog.setval('public.customers_customer_id_seq', 24, true);


--
-- TOC entry 5189 (class 0 OID 0)
-- Dependencies: 244
-- Name: developers_developer_groups_id_seq; Type: SEQUENCE SET; Schema: public; Owner: postgres
--

SELECT pg_catalog.setval('public.developers_developer_groups_id_seq', 1, false);


--
-- TOC entry 5190 (class 0 OID 0)
-- Dependencies: 221
-- Name: developers_developer_id_seq; Type: SEQUENCE SET; Schema: public; Owner: postgres
--

SELECT pg_catalog.setval('public.developers_developer_id_seq', 6, true);


--
-- TOC entry 5191 (class 0 OID 0)
-- Dependencies: 246
-- Name: developers_developer_user_permissions_id_seq; Type: SEQUENCE SET; Schema: public; Owner: postgres
--

SELECT pg_catalog.setval('public.developers_developer_user_permissions_id_seq', 1, true);


--
-- TOC entry 5192 (class 0 OID 0)
-- Dependencies: 225
-- Name: django_admin_log_id_seq; Type: SEQUENCE SET; Schema: public; Owner: postgres
--

SELECT pg_catalog.setval('public.django_admin_log_id_seq', 110, true);


--
-- TOC entry 5193 (class 0 OID 0)
-- Dependencies: 223
-- Name: django_content_type_id_seq; Type: SEQUENCE SET; Schema: public; Owner: postgres
--

SELECT pg_catalog.setval('public.django_content_type_id_seq', 27, true);


--
-- TOC entry 5194 (class 0 OID 0)
-- Dependencies: 217
-- Name: django_migrations_id_seq; Type: SEQUENCE SET; Schema: public; Owner: postgres
--

SELECT pg_catalog.setval('public.django_migrations_id_seq', 180, true);


--
-- TOC entry 5195 (class 0 OID 0)
-- Dependencies: 250
-- Name: documents_document_id_seq; Type: SEQUENCE SET; Schema: public; Owner: postgres
--

SELECT pg_catalog.setval('public.documents_document_id_seq', 24, true);


--
-- TOC entry 5196 (class 0 OID 0)
-- Dependencies: 252
-- Name: documents_documenttype_id_seq; Type: SEQUENCE SET; Schema: public; Owner: postgres
--

SELECT pg_catalog.setval('public.documents_documenttype_id_seq', 17, true);


--
-- TOC entry 5197 (class 0 OID 0)
-- Dependencies: 254
-- Name: milestones_milestone_id_seq; Type: SEQUENCE SET; Schema: public; Owner: postgres
--

SELECT pg_catalog.setval('public.milestones_milestone_id_seq', 13, true);


--
-- TOC entry 5198 (class 0 OID 0)
-- Dependencies: 256
-- Name: paysched_paymentschedule_id_seq; Type: SEQUENCE SET; Schema: public; Owner: postgres
--

SELECT pg_catalog.setval('public.paysched_paymentschedule_id_seq', 1, false);


--
-- TOC entry 5199 (class 0 OID 0)
-- Dependencies: 248
-- Name: sales_sale_id_seq; Type: SEQUENCE SET; Schema: public; Owner: postgres
--

SELECT pg_catalog.setval('public.sales_sale_id_seq', 35, true);


--
-- TOC entry 5200 (class 0 OID 0)
-- Dependencies: 261
-- Name: salesagreement_salesagreement_id_seq; Type: SEQUENCE SET; Schema: public; Owner: postgres
--

SELECT pg_catalog.setval('public.salesagreement_salesagreement_id_seq', 1, false);


--
-- TOC entry 5201 (class 0 OID 0)
-- Dependencies: 263
-- Name: salesdetails_salesdetails_id_seq; Type: SEQUENCE SET; Schema: public; Owner: postgres
--

SELECT pg_catalog.setval('public.salesdetails_salesdetails_id_seq', 9, true);


--
-- TOC entry 5202 (class 0 OID 0)
-- Dependencies: 269
-- Name: sites_section_id_seq; Type: SEQUENCE SET; Schema: public; Owner: postgres
--

SELECT pg_catalog.setval('public.sites_section_id_seq', 992, true);


--
-- TOC entry 5203 (class 0 OID 0)
-- Dependencies: 238
-- Name: sites_site_id_seq; Type: SEQUENCE SET; Schema: public; Owner: postgres
--

SELECT pg_catalog.setval('public.sites_site_id_seq', 62, true);


--
-- TOC entry 5204 (class 0 OID 0)
-- Dependencies: 240
-- Name: units_unit_id_seq; Type: SEQUENCE SET; Schema: public; Owner: postgres
--

SELECT pg_catalog.setval('public.units_unit_id_seq', 841, true);


--
-- TOC entry 5205 (class 0 OID 0)
-- Dependencies: 259
-- Name: units_unitimage_id_seq; Type: SEQUENCE SET; Schema: public; Owner: postgres
--

SELECT pg_catalog.setval('public.units_unitimage_id_seq', 458, true);


--
-- TOC entry 5206 (class 0 OID 0)
-- Dependencies: 265
-- Name: units_unittemplate_id_seq; Type: SEQUENCE SET; Schema: public; Owner: postgres
--

SELECT pg_catalog.setval('public.units_unittemplate_id_seq', 11, true);


--
-- TOC entry 5207 (class 0 OID 0)
-- Dependencies: 267
-- Name: units_unittype_id_seq; Type: SEQUENCE SET; Schema: public; Owner: postgres
--

SELECT pg_catalog.setval('public.units_unittype_id_seq', 17, true);


--
-- TOC entry 4808 (class 2606 OID 42510)
-- Name: affiliations_affiliation affiliations_affiliation_pkey; Type: CONSTRAINT; Schema: public; Owner: postgres
--

ALTER TABLE ONLY public.affiliations_affiliation
    ADD CONSTRAINT affiliations_affiliation_pkey PRIMARY KEY (id);


--
-- TOC entry 4816 (class 2606 OID 42562)
-- Name: auth_group auth_group_name_key; Type: CONSTRAINT; Schema: public; Owner: postgres
--

ALTER TABLE ONLY public.auth_group
    ADD CONSTRAINT auth_group_name_key UNIQUE (name);


--
-- TOC entry 4821 (class 2606 OID 42548)
-- Name: auth_group_permissions auth_group_permissions_group_id_permission_id_0cd325b0_uniq; Type: CONSTRAINT; Schema: public; Owner: postgres
--

ALTER TABLE ONLY public.auth_group_permissions
    ADD CONSTRAINT auth_group_permissions_group_id_permission_id_0cd325b0_uniq UNIQUE (group_id, permission_id);


--
-- TOC entry 4824 (class 2606 OID 42537)
-- Name: auth_group_permissions auth_group_permissions_pkey; Type: CONSTRAINT; Schema: public; Owner: postgres
--

ALTER TABLE ONLY public.auth_group_permissions
    ADD CONSTRAINT auth_group_permissions_pkey PRIMARY KEY (id);


--
-- TOC entry 4818 (class 2606 OID 42529)
-- Name: auth_group auth_group_pkey; Type: CONSTRAINT; Schema: public; Owner: postgres
--

ALTER TABLE ONLY public.auth_group
    ADD CONSTRAINT auth_group_pkey PRIMARY KEY (id);


--
-- TOC entry 4811 (class 2606 OID 42539)
-- Name: auth_permission auth_permission_content_type_id_codename_01ab375a_uniq; Type: CONSTRAINT; Schema: public; Owner: postgres
--

ALTER TABLE ONLY public.auth_permission
    ADD CONSTRAINT auth_permission_content_type_id_codename_01ab375a_uniq UNIQUE (content_type_id, codename);


--
-- TOC entry 4813 (class 2606 OID 42523)
-- Name: auth_permission auth_permission_pkey; Type: CONSTRAINT; Schema: public; Owner: postgres
--

ALTER TABLE ONLY public.auth_permission
    ADD CONSTRAINT auth_permission_pkey PRIMARY KEY (id);


--
-- TOC entry 4827 (class 2606 OID 42568)
-- Name: authtoken_token authtoken_token_pkey; Type: CONSTRAINT; Schema: public; Owner: postgres
--

ALTER TABLE ONLY public.authtoken_token
    ADD CONSTRAINT authtoken_token_pkey PRIMARY KEY (key);


--
-- TOC entry 4829 (class 2606 OID 42570)
-- Name: authtoken_token authtoken_token_user_id_key; Type: CONSTRAINT; Schema: public; Owner: postgres
--

ALTER TABLE ONLY public.authtoken_token
    ADD CONSTRAINT authtoken_token_user_id_key UNIQUE (user_id);


--
-- TOC entry 4833 (class 2606 OID 42639)
-- Name: brokers_broker brokers_broker_email_d8f35e1b_uniq; Type: CONSTRAINT; Schema: public; Owner: postgres
--

ALTER TABLE ONLY public.brokers_broker
    ADD CONSTRAINT brokers_broker_email_d8f35e1b_uniq UNIQUE (email);


--
-- TOC entry 4835 (class 2606 OID 42596)
-- Name: brokers_broker brokers_broker_pkey; Type: CONSTRAINT; Schema: public; Owner: postgres
--

ALTER TABLE ONLY public.brokers_broker
    ADD CONSTRAINT brokers_broker_pkey PRIMARY KEY (id);


--
-- TOC entry 4838 (class 2606 OID 43087)
-- Name: brokers_broker brokers_broker_username_0b5a7398_uniq; Type: CONSTRAINT; Schema: public; Owner: postgres
--

ALTER TABLE ONLY public.brokers_broker
    ADD CONSTRAINT brokers_broker_username_0b5a7398_uniq UNIQUE (username);


--
-- TOC entry 4786 (class 2606 OID 42587)
-- Name: companies_company companies_company_name_f775eceb_uniq; Type: CONSTRAINT; Schema: public; Owner: postgres
--

ALTER TABLE ONLY public.companies_company
    ADD CONSTRAINT companies_company_name_f775eceb_uniq UNIQUE (name);


--
-- TOC entry 4788 (class 2606 OID 42459)
-- Name: companies_company companies_company_pkey; Type: CONSTRAINT; Schema: public; Owner: postgres
--

ALTER TABLE ONLY public.companies_company
    ADD CONSTRAINT companies_company_pkey PRIMARY KEY (id);


--
-- TOC entry 4852 (class 2606 OID 43661)
-- Name: customers_customer customers_customer_broker_id_customer_code_308950b8_uniq; Type: CONSTRAINT; Schema: public; Owner: postgres
--

ALTER TABLE ONLY public.customers_customer
    ADD CONSTRAINT customers_customer_broker_id_customer_code_308950b8_uniq UNIQUE (broker_id, customer_code);


--
-- TOC entry 4855 (class 2606 OID 42775)
-- Name: customers_customer customers_customer_pkey; Type: CONSTRAINT; Schema: public; Owner: postgres
--

ALTER TABLE ONLY public.customers_customer
    ADD CONSTRAINT customers_customer_pkey PRIMARY KEY (id);


--
-- TOC entry 4792 (class 2606 OID 42831)
-- Name: developers_developer developers_developer_email_e92f7b49_uniq; Type: CONSTRAINT; Schema: public; Owner: postgres
--

ALTER TABLE ONLY public.developers_developer
    ADD CONSTRAINT developers_developer_email_e92f7b49_uniq UNIQUE (email);


--
-- TOC entry 4858 (class 2606 OID 42856)
-- Name: developers_developer_groups developers_developer_groups_developer_id_group_id_1492baf1_uniq; Type: CONSTRAINT; Schema: public; Owner: postgres
--

ALTER TABLE ONLY public.developers_developer_groups
    ADD CONSTRAINT developers_developer_groups_developer_id_group_id_1492baf1_uniq UNIQUE (developer_id, group_id);


--
-- TOC entry 4861 (class 2606 OID 42848)
-- Name: developers_developer_groups developers_developer_groups_pkey; Type: CONSTRAINT; Schema: public; Owner: postgres
--

ALTER TABLE ONLY public.developers_developer_groups
    ADD CONSTRAINT developers_developer_groups_pkey PRIMARY KEY (id);


--
-- TOC entry 4794 (class 2606 OID 42467)
-- Name: developers_developer developers_developer_pkey; Type: CONSTRAINT; Schema: public; Owner: postgres
--

ALTER TABLE ONLY public.developers_developer
    ADD CONSTRAINT developers_developer_pkey PRIMARY KEY (id);


--
-- TOC entry 4863 (class 2606 OID 42870)
-- Name: developers_developer_user_permissions developers_developer_use_developer_id_permission__29a537ec_uniq; Type: CONSTRAINT; Schema: public; Owner: postgres
--

ALTER TABLE ONLY public.developers_developer_user_permissions
    ADD CONSTRAINT developers_developer_use_developer_id_permission__29a537ec_uniq UNIQUE (developer_id, permission_id);


--
-- TOC entry 4867 (class 2606 OID 42854)
-- Name: developers_developer_user_permissions developers_developer_user_permissions_pkey; Type: CONSTRAINT; Schema: public; Owner: postgres
--

ALTER TABLE ONLY public.developers_developer_user_permissions
    ADD CONSTRAINT developers_developer_user_permissions_pkey PRIMARY KEY (id);


--
-- TOC entry 4797 (class 2606 OID 42821)
-- Name: developers_developer developers_developer_username_f1c9cac2_uniq; Type: CONSTRAINT; Schema: public; Owner: postgres
--

ALTER TABLE ONLY public.developers_developer
    ADD CONSTRAINT developers_developer_username_f1c9cac2_uniq UNIQUE (username);


--
-- TOC entry 4804 (class 2606 OID 42490)
-- Name: django_admin_log django_admin_log_pkey; Type: CONSTRAINT; Schema: public; Owner: postgres
--

ALTER TABLE ONLY public.django_admin_log
    ADD CONSTRAINT django_admin_log_pkey PRIMARY KEY (id);


--
-- TOC entry 4799 (class 2606 OID 42481)
-- Name: django_content_type django_content_type_app_label_model_76bd3d3b_uniq; Type: CONSTRAINT; Schema: public; Owner: postgres
--

ALTER TABLE ONLY public.django_content_type
    ADD CONSTRAINT django_content_type_app_label_model_76bd3d3b_uniq UNIQUE (app_label, model);


--
-- TOC entry 4801 (class 2606 OID 42479)
-- Name: django_content_type django_content_type_pkey; Type: CONSTRAINT; Schema: public; Owner: postgres
--

ALTER TABLE ONLY public.django_content_type
    ADD CONSTRAINT django_content_type_pkey PRIMARY KEY (id);


--
-- TOC entry 4783 (class 2606 OID 42451)
-- Name: django_migrations django_migrations_pkey; Type: CONSTRAINT; Schema: public; Owner: postgres
--

ALTER TABLE ONLY public.django_migrations
    ADD CONSTRAINT django_migrations_pkey PRIMARY KEY (id);


--
-- TOC entry 4897 (class 2606 OID 43043)
-- Name: django_session django_session_pkey; Type: CONSTRAINT; Schema: public; Owner: postgres
--

ALTER TABLE ONLY public.django_session
    ADD CONSTRAINT django_session_pkey PRIMARY KEY (session_key);


--
-- TOC entry 4879 (class 2606 OID 42939)
-- Name: documents_document documents_document_pkey; Type: CONSTRAINT; Schema: public; Owner: postgres
--

ALTER TABLE ONLY public.documents_document
    ADD CONSTRAINT documents_document_pkey PRIMARY KEY (id);


--
-- TOC entry 4883 (class 2606 OID 42959)
-- Name: documents_documenttype documents_documenttype_pkey; Type: CONSTRAINT; Schema: public; Owner: postgres
--

ALTER TABLE ONLY public.documents_documenttype
    ADD CONSTRAINT documents_documenttype_pkey PRIMARY KEY (id);


--
-- TOC entry 4888 (class 2606 OID 43008)
-- Name: milestones_milestone milestones_milestone_pkey; Type: CONSTRAINT; Schema: public; Owner: postgres
--

ALTER TABLE ONLY public.milestones_milestone
    ADD CONSTRAINT milestones_milestone_pkey PRIMARY KEY (id);


--
-- TOC entry 4893 (class 2606 OID 43024)
-- Name: paysched_paymentschedule paysched_paymentschedule_pkey; Type: CONSTRAINT; Schema: public; Owner: postgres
--

ALTER TABLE ONLY public.paysched_paymentschedule
    ADD CONSTRAINT paysched_paymentschedule_pkey PRIMARY KEY (id);


--
-- TOC entry 4872 (class 2606 OID 42899)
-- Name: sales_sale sales_sale_pkey; Type: CONSTRAINT; Schema: public; Owner: postgres
--

ALTER TABLE ONLY public.sales_sale
    ADD CONSTRAINT sales_sale_pkey PRIMARY KEY (id);


--
-- TOC entry 4904 (class 2606 OID 43083)
-- Name: salesagreement_salesagreement salesagreement_salesagreement_pkey; Type: CONSTRAINT; Schema: public; Owner: postgres
--

ALTER TABLE ONLY public.salesagreement_salesagreement
    ADD CONSTRAINT salesagreement_salesagreement_pkey PRIMARY KEY (id);


--
-- TOC entry 4906 (class 2606 OID 43085)
-- Name: salesagreement_salesagreement salesagreement_salesagreement_uuid_key; Type: CONSTRAINT; Schema: public; Owner: postgres
--

ALTER TABLE ONLY public.salesagreement_salesagreement
    ADD CONSTRAINT salesagreement_salesagreement_uuid_key UNIQUE (uuid);


--
-- TOC entry 4910 (class 2606 OID 43095)
-- Name: salesdetails_salesdetails salesdetails_salesdetails_pkey; Type: CONSTRAINT; Schema: public; Owner: postgres
--

ALTER TABLE ONLY public.salesdetails_salesdetails
    ADD CONSTRAINT salesdetails_salesdetails_pkey PRIMARY KEY (id);


--
-- TOC entry 4915 (class 2606 OID 43097)
-- Name: salesdetails_salesdetails salesdetails_salesdetails_uuid_key; Type: CONSTRAINT; Schema: public; Owner: postgres
--

ALTER TABLE ONLY public.salesdetails_salesdetails
    ADD CONSTRAINT salesdetails_salesdetails_uuid_key UNIQUE (uuid);


--
-- TOC entry 4930 (class 2606 OID 51352)
-- Name: sites_section sites_section_pkey; Type: CONSTRAINT; Schema: public; Owner: postgres
--

ALTER TABLE ONLY public.sites_section
    ADD CONSTRAINT sites_section_pkey PRIMARY KEY (id);


--
-- TOC entry 4841 (class 2606 OID 42701)
-- Name: sites_site sites_site_pkey; Type: CONSTRAINT; Schema: public; Owner: postgres
--

ALTER TABLE ONLY public.sites_site
    ADD CONSTRAINT sites_site_pkey PRIMARY KEY (id);


--
-- TOC entry 4885 (class 2606 OID 51379)
-- Name: documents_documenttype unique_document_type_per_company; Type: CONSTRAINT; Schema: public; Owner: postgres
--

ALTER TABLE ONLY public.documents_documenttype
    ADD CONSTRAINT unique_document_type_per_company UNIQUE (company_id, name);


--
-- TOC entry 4890 (class 2606 OID 51381)
-- Name: milestones_milestone unique_milestone_per_company; Type: CONSTRAINT; Schema: public; Owner: postgres
--

ALTER TABLE ONLY public.milestones_milestone
    ADD CONSTRAINT unique_milestone_per_company UNIQUE (company_id, name);


--
-- TOC entry 4917 (class 2606 OID 51383)
-- Name: units_unittemplate unique_unit_template_per_company; Type: CONSTRAINT; Schema: public; Owner: postgres
--

ALTER TABLE ONLY public.units_unittemplate
    ADD CONSTRAINT unique_unit_template_per_company UNIQUE (company_id, name);


--
-- TOC entry 4845 (class 2606 OID 42734)
-- Name: units_unit units_unit_pkey; Type: CONSTRAINT; Schema: public; Owner: postgres
--

ALTER TABLE ONLY public.units_unit
    ADD CONSTRAINT units_unit_pkey PRIMARY KEY (id);


--
-- TOC entry 4900 (class 2606 OID 43067)
-- Name: units_unitimage units_unitimage_pkey; Type: CONSTRAINT; Schema: public; Owner: postgres
--

ALTER TABLE ONLY public.units_unitimage
    ADD CONSTRAINT units_unitimage_pkey PRIMARY KEY (id);


--
-- TOC entry 4920 (class 2606 OID 43557)
-- Name: units_unittemplate units_unittemplate_pkey; Type: CONSTRAINT; Schema: public; Owner: postgres
--

ALTER TABLE ONLY public.units_unittemplate
    ADD CONSTRAINT units_unittemplate_pkey PRIMARY KEY (id);


--
-- TOC entry 4926 (class 2606 OID 43730)
-- Name: units_unittype units_unittype_name_key; Type: CONSTRAINT; Schema: public; Owner: postgres
--

ALTER TABLE ONLY public.units_unittype
    ADD CONSTRAINT units_unittype_name_key UNIQUE (name);


--
-- TOC entry 4928 (class 2606 OID 43728)
-- Name: units_unittype units_unittype_pkey; Type: CONSTRAINT; Schema: public; Owner: postgres
--

ALTER TABLE ONLY public.units_unittype
    ADD CONSTRAINT units_unittype_pkey PRIMARY KEY (id);


--
-- TOC entry 4806 (class 1259 OID 42516)
-- Name: affiliations_affiliation_company_id_0956ab13; Type: INDEX; Schema: public; Owner: postgres
--

CREATE INDEX affiliations_affiliation_company_id_0956ab13 ON public.affiliations_affiliation USING btree (company_id);


--
-- TOC entry 4814 (class 1259 OID 42563)
-- Name: auth_group_name_a6ea08ec_like; Type: INDEX; Schema: public; Owner: postgres
--

CREATE INDEX auth_group_name_a6ea08ec_like ON public.auth_group USING btree (name varchar_pattern_ops);


--
-- TOC entry 4819 (class 1259 OID 42559)
-- Name: auth_group_permissions_group_id_b120cbf9; Type: INDEX; Schema: public; Owner: postgres
--

CREATE INDEX auth_group_permissions_group_id_b120cbf9 ON public.auth_group_permissions USING btree (group_id);


--
-- TOC entry 4822 (class 1259 OID 42560)
-- Name: auth_group_permissions_permission_id_84c5c92e; Type: INDEX; Schema: public; Owner: postgres
--

CREATE INDEX auth_group_permissions_permission_id_84c5c92e ON public.auth_group_permissions USING btree (permission_id);


--
-- TOC entry 4809 (class 1259 OID 42545)
-- Name: auth_permission_content_type_id_2f476e4b; Type: INDEX; Schema: public; Owner: postgres
--

CREATE INDEX auth_permission_content_type_id_2f476e4b ON public.auth_permission USING btree (content_type_id);


--
-- TOC entry 4825 (class 1259 OID 42576)
-- Name: authtoken_token_key_10f0b77e_like; Type: INDEX; Schema: public; Owner: postgres
--

CREATE INDEX authtoken_token_key_10f0b77e_like ON public.authtoken_token USING btree (key varchar_pattern_ops);


--
-- TOC entry 4830 (class 1259 OID 42608)
-- Name: brokers_broker_company_id_f5464197; Type: INDEX; Schema: public; Owner: postgres
--

CREATE INDEX brokers_broker_company_id_f5464197 ON public.brokers_broker USING btree (company_id);


--
-- TOC entry 4831 (class 1259 OID 42640)
-- Name: brokers_broker_email_d8f35e1b_like; Type: INDEX; Schema: public; Owner: postgres
--

CREATE INDEX brokers_broker_email_d8f35e1b_like ON public.brokers_broker USING btree (email varchar_pattern_ops);


--
-- TOC entry 4836 (class 1259 OID 43088)
-- Name: brokers_broker_username_0b5a7398_like; Type: INDEX; Schema: public; Owner: postgres
--

CREATE INDEX brokers_broker_username_0b5a7398_like ON public.brokers_broker USING btree (username varchar_pattern_ops);


--
-- TOC entry 4784 (class 1259 OID 42588)
-- Name: companies_company_name_f775eceb_like; Type: INDEX; Schema: public; Owner: postgres
--

CREATE INDEX companies_company_name_f775eceb_like ON public.companies_company USING btree (name varchar_pattern_ops);


--
-- TOC entry 4850 (class 1259 OID 42786)
-- Name: customers_customer_broker_id_5ced1eca; Type: INDEX; Schema: public; Owner: postgres
--

CREATE INDEX customers_customer_broker_id_5ced1eca ON public.customers_customer USING btree (broker_id);


--
-- TOC entry 4853 (class 1259 OID 42814)
-- Name: customers_customer_company_id_d9d820a0; Type: INDEX; Schema: public; Owner: postgres
--

CREATE INDEX customers_customer_company_id_d9d820a0 ON public.customers_customer USING btree (company_id);


--
-- TOC entry 4789 (class 1259 OID 42473)
-- Name: developers_developer_company_id_8a4a5156; Type: INDEX; Schema: public; Owner: postgres
--

CREATE INDEX developers_developer_company_id_8a4a5156 ON public.developers_developer USING btree (company_id);


--
-- TOC entry 4790 (class 1259 OID 42832)
-- Name: developers_developer_email_e92f7b49_like; Type: INDEX; Schema: public; Owner: postgres
--

CREATE INDEX developers_developer_email_e92f7b49_like ON public.developers_developer USING btree (email varchar_pattern_ops);


--
-- TOC entry 4856 (class 1259 OID 42867)
-- Name: developers_developer_groups_developer_id_888bf9eb; Type: INDEX; Schema: public; Owner: postgres
--

CREATE INDEX developers_developer_groups_developer_id_888bf9eb ON public.developers_developer_groups USING btree (developer_id);


--
-- TOC entry 4859 (class 1259 OID 42868)
-- Name: developers_developer_groups_group_id_b5089366; Type: INDEX; Schema: public; Owner: postgres
--

CREATE INDEX developers_developer_groups_group_id_b5089366 ON public.developers_developer_groups USING btree (group_id);


--
-- TOC entry 4864 (class 1259 OID 42881)
-- Name: developers_developer_user_permissions_developer_id_5399048c; Type: INDEX; Schema: public; Owner: postgres
--

CREATE INDEX developers_developer_user_permissions_developer_id_5399048c ON public.developers_developer_user_permissions USING btree (developer_id);


--
-- TOC entry 4865 (class 1259 OID 42882)
-- Name: developers_developer_user_permissions_permission_id_b61dc4f1; Type: INDEX; Schema: public; Owner: postgres
--

CREATE INDEX developers_developer_user_permissions_permission_id_b61dc4f1 ON public.developers_developer_user_permissions USING btree (permission_id);


--
-- TOC entry 4795 (class 1259 OID 42822)
-- Name: developers_developer_username_f1c9cac2_like; Type: INDEX; Schema: public; Owner: postgres
--

CREATE INDEX developers_developer_username_f1c9cac2_like ON public.developers_developer USING btree (username varchar_pattern_ops);


--
-- TOC entry 4802 (class 1259 OID 42501)
-- Name: django_admin_log_content_type_id_c4bce8eb; Type: INDEX; Schema: public; Owner: postgres
--

CREATE INDEX django_admin_log_content_type_id_c4bce8eb ON public.django_admin_log USING btree (content_type_id);


--
-- TOC entry 4805 (class 1259 OID 42502)
-- Name: django_admin_log_user_id_c564eba6; Type: INDEX; Schema: public; Owner: postgres
--

CREATE INDEX django_admin_log_user_id_c564eba6 ON public.django_admin_log USING btree (user_id);


--
-- TOC entry 4895 (class 1259 OID 43045)
-- Name: django_session_expire_date_a5c62663; Type: INDEX; Schema: public; Owner: postgres
--

CREATE INDEX django_session_expire_date_a5c62663 ON public.django_session USING btree (expire_date);


--
-- TOC entry 4898 (class 1259 OID 43044)
-- Name: django_session_session_key_c0390e0f_like; Type: INDEX; Schema: public; Owner: postgres
--

CREATE INDEX django_session_session_key_c0390e0f_like ON public.django_session USING btree (session_key varchar_pattern_ops);


--
-- TOC entry 4875 (class 1259 OID 42950)
-- Name: documents_document_company_id_a2323c19; Type: INDEX; Schema: public; Owner: postgres
--

CREATE INDEX documents_document_company_id_a2323c19 ON public.documents_document USING btree (company_id);


--
-- TOC entry 4876 (class 1259 OID 42951)
-- Name: documents_document_customer_id_cb54835c; Type: INDEX; Schema: public; Owner: postgres
--

CREATE INDEX documents_document_customer_id_cb54835c ON public.documents_document USING btree (customer_id);


--
-- TOC entry 4877 (class 1259 OID 43000)
-- Name: documents_document_document_type_id_1f88b50c; Type: INDEX; Schema: public; Owner: postgres
--

CREATE INDEX documents_document_document_type_id_1f88b50c ON public.documents_document USING btree (document_type_id);


--
-- TOC entry 4880 (class 1259 OID 43634)
-- Name: documents_document_sales_id_2d8dd891; Type: INDEX; Schema: public; Owner: postgres
--

CREATE INDEX documents_document_sales_id_2d8dd891 ON public.documents_document USING btree (sales_id);


--
-- TOC entry 4881 (class 1259 OID 51327)
-- Name: documents_documenttype_company_id_af530876; Type: INDEX; Schema: public; Owner: postgres
--

CREATE INDEX documents_documenttype_company_id_af530876 ON public.documents_documenttype USING btree (company_id);


--
-- TOC entry 4886 (class 1259 OID 43018)
-- Name: milestones_milestone_company_id_e803565c; Type: INDEX; Schema: public; Owner: postgres
--

CREATE INDEX milestones_milestone_company_id_e803565c ON public.milestones_milestone USING btree (company_id);


--
-- TOC entry 4891 (class 1259 OID 43035)
-- Name: paysched_paymentschedule_company_id_f3d4e4c3; Type: INDEX; Schema: public; Owner: postgres
--

CREATE INDEX paysched_paymentschedule_company_id_f3d4e4c3 ON public.paysched_paymentschedule USING btree (company_id);


--
-- TOC entry 4894 (class 1259 OID 43036)
-- Name: paysched_paymentschedule_unit_id_a8ddb9b3; Type: INDEX; Schema: public; Owner: postgres
--

CREATE INDEX paysched_paymentschedule_unit_id_a8ddb9b3 ON public.paysched_paymentschedule USING btree (unit_id);


--
-- TOC entry 4868 (class 1259 OID 42920)
-- Name: sales_sale_broker_id_d8ca1bf1; Type: INDEX; Schema: public; Owner: postgres
--

CREATE INDEX sales_sale_broker_id_d8ca1bf1 ON public.sales_sale USING btree (broker_id);


--
-- TOC entry 4869 (class 1259 OID 42930)
-- Name: sales_sale_company_id_6e88f52f; Type: INDEX; Schema: public; Owner: postgres
--

CREATE INDEX sales_sale_company_id_6e88f52f ON public.sales_sale USING btree (company_id);


--
-- TOC entry 4870 (class 1259 OID 42921)
-- Name: sales_sale_customer_id_2d66a408; Type: INDEX; Schema: public; Owner: postgres
--

CREATE INDEX sales_sale_customer_id_2d66a408 ON public.sales_sale USING btree (customer_id);


--
-- TOC entry 4873 (class 1259 OID 42922)
-- Name: sales_sale_site_id_29a9153f; Type: INDEX; Schema: public; Owner: postgres
--

CREATE INDEX sales_sale_site_id_29a9153f ON public.sales_sale USING btree (site_id);


--
-- TOC entry 4874 (class 1259 OID 42923)
-- Name: sales_sale_unit_id_0fc4b010; Type: INDEX; Schema: public; Owner: postgres
--

CREATE INDEX sales_sale_unit_id_0fc4b010 ON public.sales_sale USING btree (unit_id);


--
-- TOC entry 4907 (class 1259 OID 43113)
-- Name: salesdetails_salesdetails_broker_id_13172215; Type: INDEX; Schema: public; Owner: postgres
--

CREATE INDEX salesdetails_salesdetails_broker_id_13172215 ON public.salesdetails_salesdetails USING btree (broker_id);


--
-- TOC entry 4908 (class 1259 OID 43114)
-- Name: salesdetails_salesdetails_customer_id_908c483b; Type: INDEX; Schema: public; Owner: postgres
--

CREATE INDEX salesdetails_salesdetails_customer_id_908c483b ON public.salesdetails_salesdetails USING btree (customer_id);


--
-- TOC entry 4911 (class 1259 OID 43763)
-- Name: salesdetails_salesdetails_sales_id_4d29d621; Type: INDEX; Schema: public; Owner: postgres
--

CREATE INDEX salesdetails_salesdetails_sales_id_4d29d621 ON public.salesdetails_salesdetails USING btree (sales_id);


--
-- TOC entry 4912 (class 1259 OID 43121)
-- Name: salesdetails_salesdetails_site_id_2ae127ea; Type: INDEX; Schema: public; Owner: postgres
--

CREATE INDEX salesdetails_salesdetails_site_id_2ae127ea ON public.salesdetails_salesdetails USING btree (site_id);


--
-- TOC entry 4913 (class 1259 OID 43115)
-- Name: salesdetails_salesdetails_unit_id_5f44f815; Type: INDEX; Schema: public; Owner: postgres
--

CREATE INDEX salesdetails_salesdetails_unit_id_5f44f815 ON public.salesdetails_salesdetails USING btree (unit_id);


--
-- TOC entry 4931 (class 1259 OID 51358)
-- Name: sites_section_site_id_c151435c; Type: INDEX; Schema: public; Owner: postgres
--

CREATE INDEX sites_section_site_id_c151435c ON public.sites_section USING btree (site_id);


--
-- TOC entry 4839 (class 1259 OID 42713)
-- Name: sites_site_company_id_b08d485c; Type: INDEX; Schema: public; Owner: postgres
--

CREATE INDEX sites_site_company_id_b08d485c ON public.sites_site USING btree (company_id);


--
-- TOC entry 4842 (class 1259 OID 42751)
-- Name: units_unit_company_id_83ff0dcd; Type: INDEX; Schema: public; Owner: postgres
--

CREATE INDEX units_unit_company_id_83ff0dcd ON public.units_unit USING btree (company_id);


--
-- TOC entry 4843 (class 1259 OID 43617)
-- Name: units_unit_floor_id_719ab6ad; Type: INDEX; Schema: public; Owner: postgres
--

CREATE INDEX units_unit_floor_id_719ab6ad ON public.units_unit USING btree (section_id);


--
-- TOC entry 4846 (class 1259 OID 43757)
-- Name: units_unit_site_id_b592df_idx; Type: INDEX; Schema: public; Owner: postgres
--

CREATE INDEX units_unit_site_id_b592df_idx ON public.units_unit USING btree (site_id, status);


--
-- TOC entry 4847 (class 1259 OID 42752)
-- Name: units_unit_site_id_d1d5d0aa; Type: INDEX; Schema: public; Owner: postgres
--

CREATE INDEX units_unit_site_id_d1d5d0aa ON public.units_unit USING btree (site_id);


--
-- TOC entry 4848 (class 1259 OID 43598)
-- Name: units_unit_unit_template_id_e59e7804; Type: INDEX; Schema: public; Owner: postgres
--

CREATE INDEX units_unit_unit_template_id_e59e7804 ON public.units_unit USING btree (unit_template_id);


--
-- TOC entry 4849 (class 1259 OID 43744)
-- Name: units_unit_unit_type_id_365c7247; Type: INDEX; Schema: public; Owner: postgres
--

CREATE INDEX units_unit_unit_type_id_365c7247 ON public.units_unit USING btree (unit_type_id);


--
-- TOC entry 4901 (class 1259 OID 43073)
-- Name: units_unitimage_unit_id_6d5f9736; Type: INDEX; Schema: public; Owner: postgres
--

CREATE INDEX units_unitimage_unit_id_6d5f9736 ON public.units_unitimage USING btree (unit_id);


--
-- TOC entry 4902 (class 1259 OID 43592)
-- Name: units_unitimage_unit_template_id_c3ec0765; Type: INDEX; Schema: public; Owner: postgres
--

CREATE INDEX units_unitimage_unit_template_id_c3ec0765 ON public.units_unitimage USING btree (unit_template_id);


--
-- TOC entry 4918 (class 1259 OID 43668)
-- Name: units_unittemplate_company_id_20679c42; Type: INDEX; Schema: public; Owner: postgres
--

CREATE INDEX units_unittemplate_company_id_20679c42 ON public.units_unittemplate USING btree (company_id);


--
-- TOC entry 4921 (class 1259 OID 43753)
-- Name: units_unittemplate_primary_image_id_cdb475ee; Type: INDEX; Schema: public; Owner: postgres
--

CREATE INDEX units_unittemplate_primary_image_id_cdb475ee ON public.units_unittemplate USING btree (primary_image_id);


--
-- TOC entry 4922 (class 1259 OID 43745)
-- Name: units_unittemplate_unit_type_id_fe3bf66c; Type: INDEX; Schema: public; Owner: postgres
--

CREATE INDEX units_unittemplate_unit_type_id_fe3bf66c ON public.units_unittemplate USING btree (unit_type_id);


--
-- TOC entry 4923 (class 1259 OID 51334)
-- Name: units_unittype_company_id_eba0b9df; Type: INDEX; Schema: public; Owner: postgres
--

CREATE INDEX units_unittype_company_id_eba0b9df ON public.units_unittype USING btree (company_id);


--
-- TOC entry 4924 (class 1259 OID 43743)
-- Name: units_unittype_name_502f3f7b_like; Type: INDEX; Schema: public; Owner: postgres
--

CREATE INDEX units_unittype_name_502f3f7b_like ON public.units_unittype USING btree (name varchar_pattern_ops);


--
-- TOC entry 4935 (class 2606 OID 42511)
-- Name: affiliations_affiliation affiliations_affilia_company_id_0956ab13_fk_companies; Type: FK CONSTRAINT; Schema: public; Owner: postgres
--

ALTER TABLE ONLY public.affiliations_affiliation
    ADD CONSTRAINT affiliations_affilia_company_id_0956ab13_fk_companies FOREIGN KEY (company_id) REFERENCES public.companies_company(id) DEFERRABLE INITIALLY DEFERRED;


--
-- TOC entry 4937 (class 2606 OID 42554)
-- Name: auth_group_permissions auth_group_permissio_permission_id_84c5c92e_fk_auth_perm; Type: FK CONSTRAINT; Schema: public; Owner: postgres
--

ALTER TABLE ONLY public.auth_group_permissions
    ADD CONSTRAINT auth_group_permissio_permission_id_84c5c92e_fk_auth_perm FOREIGN KEY (permission_id) REFERENCES public.auth_permission(id) DEFERRABLE INITIALLY DEFERRED;


--
-- TOC entry 4938 (class 2606 OID 42549)
-- Name: auth_group_permissions auth_group_permissions_group_id_b120cbf9_fk_auth_group_id; Type: FK CONSTRAINT; Schema: public; Owner: postgres
--

ALTER TABLE ONLY public.auth_group_permissions
    ADD CONSTRAINT auth_group_permissions_group_id_b120cbf9_fk_auth_group_id FOREIGN KEY (group_id) REFERENCES public.auth_group(id) DEFERRABLE INITIALLY DEFERRED;


--
-- TOC entry 4936 (class 2606 OID 42540)
-- Name: auth_permission auth_permission_content_type_id_2f476e4b_fk_django_co; Type: FK CONSTRAINT; Schema: public; Owner: postgres
--

ALTER TABLE ONLY public.auth_permission
    ADD CONSTRAINT auth_permission_content_type_id_2f476e4b_fk_django_co FOREIGN KEY (content_type_id) REFERENCES public.django_content_type(id) DEFERRABLE INITIALLY DEFERRED;


--
-- TOC entry 4939 (class 2606 OID 42571)
-- Name: authtoken_token authtoken_token_user_id_35299eff_fk_developers_developer_id; Type: FK CONSTRAINT; Schema: public; Owner: postgres
--

ALTER TABLE ONLY public.authtoken_token
    ADD CONSTRAINT authtoken_token_user_id_35299eff_fk_developers_developer_id FOREIGN KEY (user_id) REFERENCES public.developers_developer(id) DEFERRABLE INITIALLY DEFERRED;


--
-- TOC entry 4940 (class 2606 OID 42643)
-- Name: brokers_broker brokers_broker_company_id_f5464197_fk_companies_company_id; Type: FK CONSTRAINT; Schema: public; Owner: postgres
--

ALTER TABLE ONLY public.brokers_broker
    ADD CONSTRAINT brokers_broker_company_id_f5464197_fk_companies_company_id FOREIGN KEY (company_id) REFERENCES public.companies_company(id) DEFERRABLE INITIALLY DEFERRED;


--
-- TOC entry 4947 (class 2606 OID 42776)
-- Name: customers_customer customers_customer_broker_id_5ced1eca_fk_brokers_broker_id; Type: FK CONSTRAINT; Schema: public; Owner: postgres
--

ALTER TABLE ONLY public.customers_customer
    ADD CONSTRAINT customers_customer_broker_id_5ced1eca_fk_brokers_broker_id FOREIGN KEY (broker_id) REFERENCES public.brokers_broker(id) DEFERRABLE INITIALLY DEFERRED;


--
-- TOC entry 4948 (class 2606 OID 42809)
-- Name: customers_customer customers_customer_company_id_d9d820a0_fk_companies_company_id; Type: FK CONSTRAINT; Schema: public; Owner: postgres
--

ALTER TABLE ONLY public.customers_customer
    ADD CONSTRAINT customers_customer_company_id_d9d820a0_fk_companies_company_id FOREIGN KEY (company_id) REFERENCES public.companies_company(id) DEFERRABLE INITIALLY DEFERRED;


--
-- TOC entry 4932 (class 2606 OID 42838)
-- Name: developers_developer developers_developer_company_id_8a4a5156_fk_companies; Type: FK CONSTRAINT; Schema: public; Owner: postgres
--

ALTER TABLE ONLY public.developers_developer
    ADD CONSTRAINT developers_developer_company_id_8a4a5156_fk_companies FOREIGN KEY (company_id) REFERENCES public.companies_company(id) DEFERRABLE INITIALLY DEFERRED;


--
-- TOC entry 4951 (class 2606 OID 42871)
-- Name: developers_developer_user_permissions developers_developer_developer_id_5399048c_fk_developer; Type: FK CONSTRAINT; Schema: public; Owner: postgres
--

ALTER TABLE ONLY public.developers_developer_user_permissions
    ADD CONSTRAINT developers_developer_developer_id_5399048c_fk_developer FOREIGN KEY (developer_id) REFERENCES public.developers_developer(id) DEFERRABLE INITIALLY DEFERRED;


--
-- TOC entry 4949 (class 2606 OID 42857)
-- Name: developers_developer_groups developers_developer_developer_id_888bf9eb_fk_developer; Type: FK CONSTRAINT; Schema: public; Owner: postgres
--

ALTER TABLE ONLY public.developers_developer_groups
    ADD CONSTRAINT developers_developer_developer_id_888bf9eb_fk_developer FOREIGN KEY (developer_id) REFERENCES public.developers_developer(id) DEFERRABLE INITIALLY DEFERRED;


--
-- TOC entry 4950 (class 2606 OID 42862)
-- Name: developers_developer_groups developers_developer_groups_group_id_b5089366_fk_auth_group_id; Type: FK CONSTRAINT; Schema: public; Owner: postgres
--

ALTER TABLE ONLY public.developers_developer_groups
    ADD CONSTRAINT developers_developer_groups_group_id_b5089366_fk_auth_group_id FOREIGN KEY (group_id) REFERENCES public.auth_group(id) DEFERRABLE INITIALLY DEFERRED;


--
-- TOC entry 4952 (class 2606 OID 42876)
-- Name: developers_developer_user_permissions developers_developer_permission_id_b61dc4f1_fk_auth_perm; Type: FK CONSTRAINT; Schema: public; Owner: postgres
--

ALTER TABLE ONLY public.developers_developer_user_permissions
    ADD CONSTRAINT developers_developer_permission_id_b61dc4f1_fk_auth_perm FOREIGN KEY (permission_id) REFERENCES public.auth_permission(id) DEFERRABLE INITIALLY DEFERRED;


--
-- TOC entry 4933 (class 2606 OID 42491)
-- Name: django_admin_log django_admin_log_content_type_id_c4bce8eb_fk_django_co; Type: FK CONSTRAINT; Schema: public; Owner: postgres
--

ALTER TABLE ONLY public.django_admin_log
    ADD CONSTRAINT django_admin_log_content_type_id_c4bce8eb_fk_django_co FOREIGN KEY (content_type_id) REFERENCES public.django_content_type(id) DEFERRABLE INITIALLY DEFERRED;


--
-- TOC entry 4934 (class 2606 OID 42496)
-- Name: django_admin_log django_admin_log_user_id_c564eba6_fk_developers_developer_id; Type: FK CONSTRAINT; Schema: public; Owner: postgres
--

ALTER TABLE ONLY public.django_admin_log
    ADD CONSTRAINT django_admin_log_user_id_c564eba6_fk_developers_developer_id FOREIGN KEY (user_id) REFERENCES public.developers_developer(id) DEFERRABLE INITIALLY DEFERRED;


--
-- TOC entry 4958 (class 2606 OID 42940)
-- Name: documents_document documents_document_company_id_a2323c19_fk_companies_company_id; Type: FK CONSTRAINT; Schema: public; Owner: postgres
--

ALTER TABLE ONLY public.documents_document
    ADD CONSTRAINT documents_document_company_id_a2323c19_fk_companies_company_id FOREIGN KEY (company_id) REFERENCES public.companies_company(id) DEFERRABLE INITIALLY DEFERRED;


--
-- TOC entry 4959 (class 2606 OID 42945)
-- Name: documents_document documents_document_customer_id_cb54835c_fk_customers; Type: FK CONSTRAINT; Schema: public; Owner: postgres
--

ALTER TABLE ONLY public.documents_document
    ADD CONSTRAINT documents_document_customer_id_cb54835c_fk_customers FOREIGN KEY (customer_id) REFERENCES public.customers_customer(id) DEFERRABLE INITIALLY DEFERRED;


--
-- TOC entry 4960 (class 2606 OID 42978)
-- Name: documents_document documents_document_document_type_id_1f88b50c_fk_documents; Type: FK CONSTRAINT; Schema: public; Owner: postgres
--

ALTER TABLE ONLY public.documents_document
    ADD CONSTRAINT documents_document_document_type_id_1f88b50c_fk_documents FOREIGN KEY (document_type_id) REFERENCES public.documents_documenttype(id) DEFERRABLE INITIALLY DEFERRED;


--
-- TOC entry 4961 (class 2606 OID 43642)
-- Name: documents_document documents_document_sales_id_2d8dd891_fk_sales_sale_id; Type: FK CONSTRAINT; Schema: public; Owner: postgres
--

ALTER TABLE ONLY public.documents_document
    ADD CONSTRAINT documents_document_sales_id_2d8dd891_fk_sales_sale_id FOREIGN KEY (sales_id) REFERENCES public.sales_sale(id) DEFERRABLE INITIALLY DEFERRED;


--
-- TOC entry 4962 (class 2606 OID 51322)
-- Name: documents_documenttype documents_documentty_company_id_af530876_fk_companies; Type: FK CONSTRAINT; Schema: public; Owner: postgres
--

ALTER TABLE ONLY public.documents_documenttype
    ADD CONSTRAINT documents_documentty_company_id_af530876_fk_companies FOREIGN KEY (company_id) REFERENCES public.companies_company(id) DEFERRABLE INITIALLY DEFERRED;


--
-- TOC entry 4963 (class 2606 OID 43013)
-- Name: milestones_milestone milestones_milestone_company_id_e803565c_fk_companies; Type: FK CONSTRAINT; Schema: public; Owner: postgres
--

ALTER TABLE ONLY public.milestones_milestone
    ADD CONSTRAINT milestones_milestone_company_id_e803565c_fk_companies FOREIGN KEY (company_id) REFERENCES public.companies_company(id) DEFERRABLE INITIALLY DEFERRED;


--
-- TOC entry 4964 (class 2606 OID 43025)
-- Name: paysched_paymentschedule paysched_paymentsche_company_id_f3d4e4c3_fk_companies; Type: FK CONSTRAINT; Schema: public; Owner: postgres
--

ALTER TABLE ONLY public.paysched_paymentschedule
    ADD CONSTRAINT paysched_paymentsche_company_id_f3d4e4c3_fk_companies FOREIGN KEY (company_id) REFERENCES public.companies_company(id) DEFERRABLE INITIALLY DEFERRED;


--
-- TOC entry 4965 (class 2606 OID 43030)
-- Name: paysched_paymentschedule paysched_paymentschedule_unit_id_a8ddb9b3_fk_units_unit_id; Type: FK CONSTRAINT; Schema: public; Owner: postgres
--

ALTER TABLE ONLY public.paysched_paymentschedule
    ADD CONSTRAINT paysched_paymentschedule_unit_id_a8ddb9b3_fk_units_unit_id FOREIGN KEY (unit_id) REFERENCES public.units_unit(id) DEFERRABLE INITIALLY DEFERRED;


--
-- TOC entry 4953 (class 2606 OID 42900)
-- Name: sales_sale sales_sale_broker_id_d8ca1bf1_fk_brokers_broker_id; Type: FK CONSTRAINT; Schema: public; Owner: postgres
--

ALTER TABLE ONLY public.sales_sale
    ADD CONSTRAINT sales_sale_broker_id_d8ca1bf1_fk_brokers_broker_id FOREIGN KEY (broker_id) REFERENCES public.brokers_broker(id) DEFERRABLE INITIALLY DEFERRED;


--
-- TOC entry 4954 (class 2606 OID 42925)
-- Name: sales_sale sales_sale_company_id_6e88f52f_fk_companies_company_id; Type: FK CONSTRAINT; Schema: public; Owner: postgres
--

ALTER TABLE ONLY public.sales_sale
    ADD CONSTRAINT sales_sale_company_id_6e88f52f_fk_companies_company_id FOREIGN KEY (company_id) REFERENCES public.companies_company(id) DEFERRABLE INITIALLY DEFERRED;


--
-- TOC entry 4955 (class 2606 OID 42905)
-- Name: sales_sale sales_sale_customer_id_2d66a408_fk_customers_customer_id; Type: FK CONSTRAINT; Schema: public; Owner: postgres
--

ALTER TABLE ONLY public.sales_sale
    ADD CONSTRAINT sales_sale_customer_id_2d66a408_fk_customers_customer_id FOREIGN KEY (customer_id) REFERENCES public.customers_customer(id) DEFERRABLE INITIALLY DEFERRED;


--
-- TOC entry 4956 (class 2606 OID 42910)
-- Name: sales_sale sales_sale_site_id_29a9153f_fk_sites_site_id; Type: FK CONSTRAINT; Schema: public; Owner: postgres
--

ALTER TABLE ONLY public.sales_sale
    ADD CONSTRAINT sales_sale_site_id_29a9153f_fk_sites_site_id FOREIGN KEY (site_id) REFERENCES public.sites_site(id) DEFERRABLE INITIALLY DEFERRED;


--
-- TOC entry 4957 (class 2606 OID 42915)
-- Name: sales_sale sales_sale_unit_id_0fc4b010_fk_units_unit_id; Type: FK CONSTRAINT; Schema: public; Owner: postgres
--

ALTER TABLE ONLY public.sales_sale
    ADD CONSTRAINT sales_sale_unit_id_0fc4b010_fk_units_unit_id FOREIGN KEY (unit_id) REFERENCES public.units_unit(id) DEFERRABLE INITIALLY DEFERRED;


--
-- TOC entry 4968 (class 2606 OID 43098)
-- Name: salesdetails_salesdetails salesdetails_salesde_broker_id_13172215_fk_brokers_b; Type: FK CONSTRAINT; Schema: public; Owner: postgres
--

ALTER TABLE ONLY public.salesdetails_salesdetails
    ADD CONSTRAINT salesdetails_salesde_broker_id_13172215_fk_brokers_b FOREIGN KEY (broker_id) REFERENCES public.brokers_broker(id) DEFERRABLE INITIALLY DEFERRED;


--
-- TOC entry 4969 (class 2606 OID 43103)
-- Name: salesdetails_salesdetails salesdetails_salesde_customer_id_908c483b_fk_customers; Type: FK CONSTRAINT; Schema: public; Owner: postgres
--

ALTER TABLE ONLY public.salesdetails_salesdetails
    ADD CONSTRAINT salesdetails_salesde_customer_id_908c483b_fk_customers FOREIGN KEY (customer_id) REFERENCES public.customers_customer(id) DEFERRABLE INITIALLY DEFERRED;


--
-- TOC entry 4970 (class 2606 OID 43758)
-- Name: salesdetails_salesdetails salesdetails_salesdetails_sales_id_4d29d621_fk_sales_sale_id; Type: FK CONSTRAINT; Schema: public; Owner: postgres
--

ALTER TABLE ONLY public.salesdetails_salesdetails
    ADD CONSTRAINT salesdetails_salesdetails_sales_id_4d29d621_fk_sales_sale_id FOREIGN KEY (sales_id) REFERENCES public.sales_sale(id) DEFERRABLE INITIALLY DEFERRED;


--
-- TOC entry 4971 (class 2606 OID 43116)
-- Name: salesdetails_salesdetails salesdetails_salesdetails_site_id_2ae127ea_fk_sites_site_id; Type: FK CONSTRAINT; Schema: public; Owner: postgres
--

ALTER TABLE ONLY public.salesdetails_salesdetails
    ADD CONSTRAINT salesdetails_salesdetails_site_id_2ae127ea_fk_sites_site_id FOREIGN KEY (site_id) REFERENCES public.sites_site(id) DEFERRABLE INITIALLY DEFERRED;


--
-- TOC entry 4972 (class 2606 OID 43108)
-- Name: salesdetails_salesdetails salesdetails_salesdetails_unit_id_5f44f815_fk_units_unit_id; Type: FK CONSTRAINT; Schema: public; Owner: postgres
--

ALTER TABLE ONLY public.salesdetails_salesdetails
    ADD CONSTRAINT salesdetails_salesdetails_unit_id_5f44f815_fk_units_unit_id FOREIGN KEY (unit_id) REFERENCES public.units_unit(id) DEFERRABLE INITIALLY DEFERRED;


--
-- TOC entry 4977 (class 2606 OID 51353)
-- Name: sites_section sites_section_site_id_c151435c_fk_sites_site_id; Type: FK CONSTRAINT; Schema: public; Owner: postgres
--

ALTER TABLE ONLY public.sites_section
    ADD CONSTRAINT sites_section_site_id_c151435c_fk_sites_site_id FOREIGN KEY (site_id) REFERENCES public.sites_site(id) DEFERRABLE INITIALLY DEFERRED;


--
-- TOC entry 4941 (class 2606 OID 42708)
-- Name: sites_site sites_site_company_id_b08d485c_fk_companies_company_id; Type: FK CONSTRAINT; Schema: public; Owner: postgres
--

ALTER TABLE ONLY public.sites_site
    ADD CONSTRAINT sites_site_company_id_b08d485c_fk_companies_company_id FOREIGN KEY (company_id) REFERENCES public.companies_company(id) DEFERRABLE INITIALLY DEFERRED;


--
-- TOC entry 4942 (class 2606 OID 42741)
-- Name: units_unit units_unit_company_id_83ff0dcd_fk_companies_company_id; Type: FK CONSTRAINT; Schema: public; Owner: postgres
--

ALTER TABLE ONLY public.units_unit
    ADD CONSTRAINT units_unit_company_id_83ff0dcd_fk_companies_company_id FOREIGN KEY (company_id) REFERENCES public.companies_company(id) DEFERRABLE INITIALLY DEFERRED;


--
-- TOC entry 4943 (class 2606 OID 51364)
-- Name: units_unit units_unit_section_id_6430661c_fk_sites_section_id; Type: FK CONSTRAINT; Schema: public; Owner: postgres
--

ALTER TABLE ONLY public.units_unit
    ADD CONSTRAINT units_unit_section_id_6430661c_fk_sites_section_id FOREIGN KEY (section_id) REFERENCES public.sites_section(id) DEFERRABLE INITIALLY DEFERRED;


--
-- TOC entry 4944 (class 2606 OID 42746)
-- Name: units_unit units_unit_site_id_d1d5d0aa_fk_sites_site_id; Type: FK CONSTRAINT; Schema: public; Owner: postgres
--

ALTER TABLE ONLY public.units_unit
    ADD CONSTRAINT units_unit_site_id_d1d5d0aa_fk_sites_site_id FOREIGN KEY (site_id) REFERENCES public.sites_site(id) DEFERRABLE INITIALLY DEFERRED;


--
-- TOC entry 4945 (class 2606 OID 43593)
-- Name: units_unit units_unit_unit_template_id_e59e7804_fk_units_unittemplate_id; Type: FK CONSTRAINT; Schema: public; Owner: postgres
--

ALTER TABLE ONLY public.units_unit
    ADD CONSTRAINT units_unit_unit_template_id_e59e7804_fk_units_unittemplate_id FOREIGN KEY (unit_template_id) REFERENCES public.units_unittemplate(id) DEFERRABLE INITIALLY DEFERRED;


--
-- TOC entry 4946 (class 2606 OID 43732)
-- Name: units_unit units_unit_unit_type_id_365c7247_fk_units_unittype_id; Type: FK CONSTRAINT; Schema: public; Owner: postgres
--

ALTER TABLE ONLY public.units_unit
    ADD CONSTRAINT units_unit_unit_type_id_365c7247_fk_units_unittype_id FOREIGN KEY (unit_type_id) REFERENCES public.units_unittype(id) DEFERRABLE INITIALLY DEFERRED;


--
-- TOC entry 4966 (class 2606 OID 43575)
-- Name: units_unitimage units_unitimage_unit_id_6d5f9736_fk_units_unit_id; Type: FK CONSTRAINT; Schema: public; Owner: postgres
--

ALTER TABLE ONLY public.units_unitimage
    ADD CONSTRAINT units_unitimage_unit_id_6d5f9736_fk_units_unit_id FOREIGN KEY (unit_id) REFERENCES public.units_unit(id) DEFERRABLE INITIALLY DEFERRED;


--
-- TOC entry 4967 (class 2606 OID 43585)
-- Name: units_unitimage units_unitimage_unit_template_id_c3ec0765_fk_units_uni; Type: FK CONSTRAINT; Schema: public; Owner: postgres
--

ALTER TABLE ONLY public.units_unitimage
    ADD CONSTRAINT units_unitimage_unit_template_id_c3ec0765_fk_units_uni FOREIGN KEY (unit_template_id) REFERENCES public.units_unittemplate(id) DEFERRABLE INITIALLY DEFERRED;


--
-- TOC entry 4973 (class 2606 OID 43663)
-- Name: units_unittemplate units_unittemplate_company_id_20679c42_fk_companies_company_id; Type: FK CONSTRAINT; Schema: public; Owner: postgres
--

ALTER TABLE ONLY public.units_unittemplate
    ADD CONSTRAINT units_unittemplate_company_id_20679c42_fk_companies_company_id FOREIGN KEY (company_id) REFERENCES public.companies_company(id) DEFERRABLE INITIALLY DEFERRED;


--
-- TOC entry 4974 (class 2606 OID 43748)
-- Name: units_unittemplate units_unittemplate_primary_image_id_cdb475ee_fk_units_uni; Type: FK CONSTRAINT; Schema: public; Owner: postgres
--

ALTER TABLE ONLY public.units_unittemplate
    ADD CONSTRAINT units_unittemplate_primary_image_id_cdb475ee_fk_units_uni FOREIGN KEY (primary_image_id) REFERENCES public.units_unitimage(id) DEFERRABLE INITIALLY DEFERRED;


--
-- TOC entry 4975 (class 2606 OID 43738)
-- Name: units_unittemplate units_unittemplate_unit_type_id_fe3bf66c_fk_units_unittype_id; Type: FK CONSTRAINT; Schema: public; Owner: postgres
--

ALTER TABLE ONLY public.units_unittemplate
    ADD CONSTRAINT units_unittemplate_unit_type_id_fe3bf66c_fk_units_unittype_id FOREIGN KEY (unit_type_id) REFERENCES public.units_unittype(id) DEFERRABLE INITIALLY DEFERRED;


--
-- TOC entry 4976 (class 2606 OID 51341)
-- Name: units_unittype units_unittype_company_id_eba0b9df_fk_companies_company_id; Type: FK CONSTRAINT; Schema: public; Owner: postgres
--

ALTER TABLE ONLY public.units_unittype
    ADD CONSTRAINT units_unittype_company_id_eba0b9df_fk_companies_company_id FOREIGN KEY (company_id) REFERENCES public.companies_company(id) DEFERRABLE INITIALLY DEFERRED;


-- Completed on 2024-12-14 18:35:02

--
-- PostgreSQL database dump complete
--

